bin_idx,bin_left,bin_right,bin_count,bipartite_count,bipartite_percent,mean_density_in_bin,mean_bipartivity_in_bin,dataset_name,nodes,density_category
0,0.000000,0.005714,0,0,NA,NA,NA,8N_Bipartite_Dense,8,Dense
1,0.005714,0.011429,0,0,NA,NA,NA,8N_Bipartite_Dense,8,Dense
2,0.011429,0.017143,0,0,NA,NA,NA,8N_Bipartite_Dense,8,Dense
3,0.017143,0.022857,0,0,NA,NA,NA,8N_Bipartite_Dense,8,Dense
4,0.022857,0.028571,0,0,NA,NA,NA,8N_Bipartite_Dense,8,Dense
5,0.028571,0.034286,0,0,NA,NA,NA,8N_Bipartite_Dense,8,Dense
6,0.034286,0.040000,4,4,100.000000,0.035714,1.000000,8N_Bipartite_Dense,8,Dense
7,0.040000,0.045714,0,0,NA,NA,NA,8N_Bipartite_Dense,8,Dense
8,0.045714,0.051429,0,0,NA,NA,NA,8N_Bipartite_Dense,8,Dense
9,0.051429,0.057143,0,0,NA,NA,NA,8N_Bipartite_Dense,8,Dense
10,0.057143,0.062857,0,0,NA,NA,NA,8N_Bipartite_Dense,8,Dense
11,0.062857,0.068571,0,0,NA,NA,NA,8N_Bipartite_Dense,8,Dense
12,0.068571,0.074286,20,20,100.000000,0.071429,1.000000,8N_Bipartite_Dense,8,Dense
13,0.074286,0.080000,0,0,NA,NA,NA,8N_Bipartite_Dense,8,Dense
14,0.080000,0.085714,0,0,NA,NA,NA,8N_Bipartite_Dense,8,Dense
15,0.085714,0.091429,0,0,NA,NA,NA,8N_Bipartite_Dense,8,Dense
16,0.091429,0.097143,0,0,NA,NA,NA,8N_Bipartite_Dense,8,Dense
17,0.097143,0.102857,0,0,NA,NA,NA,8N_Bipartite_Dense,8,Dense
18,0.102857,0.108571,101,98,97.029703,0.107143,0.997111,8N_Bipartite_Dense,8,Dense
19,0.108571,0.114286,0,0,NA,NA,NA,8N_Bipartite_Dense,8,Dense
20,0.114286,0.120000,0,0,NA,NA,NA,8N_Bipartite_Dense,8,Dense
21,0.120000,0.125714,0,0,NA,NA,NA,8N_Bipartite_Dense,8,Dense
22,0.125714,0.131429,0,0,NA,NA,NA,8N_Bipartite_Dense,8,Dense
23,0.131429,0.137143,0,0,NA,NA,NA,8N_Bipartite_Dense,8,Dense
24,0.137143,0.142857,0,0,NA,NA,NA,8N_Bipartite_Dense,8,Dense
25,0.142857,0.148571,244,225,92.213115,0.142857,0.992819,8N_Bipartite_Dense,8,Dense
26,0.148571,0.154286,0,0,NA,NA,NA,8N_Bipartite_Dense,8,Dense
27,0.154286,0.160000,0,0,NA,NA,NA,8N_Bipartite_Dense,8,Dense
28,0.160000,0.165714,0,0,NA,NA,NA,8N_Bipartite_Dense,8,Dense
29,0.165714,0.171429,0,0,NA,NA,NA,8N_Bipartite_Dense,8,Dense
30,0.171429,0.177143,0,0,NA,NA,NA,8N_Bipartite_Dense,8,Dense
31,0.177143,0.182857,527,440,83.491461,0.178571,0.985910,8N_Bipartite_Dense,8,Dense
32,0.182857,0.188571,0,0,NA,NA,NA,8N_Bipartite_Dense,8,Dense
33,0.188571,0.194286,0,0,NA,NA,NA,8N_Bipartite_Dense,8,Dense
34,0.194286,0.200000,0,0,NA,NA,NA,8N_Bipartite_Dense,8,Dense
35,0.200000,0.205714,0,0,NA,NA,NA,8N_Bipartite_Dense,8,Dense
36,0.205714,0.211429,0,0,NA,NA,NA,8N_Bipartite_Dense,8,Dense
37,0.211429,0.217143,940,613,65.212766,0.214286,0.971259,8N_Bipartite_Dense,8,Dense
38,0.217143,0.222857,0,0,NA,NA,NA,8N_Bipartite_Dense,8,Dense
39,0.222857,0.228571,0,0,NA,NA,NA,8N_Bipartite_Dense,8,Dense
40,0.228571,0.234286,0,0,NA,NA,NA,8N_Bipartite_Dense,8,Dense
41,0.234286,0.240000,0,0,NA,NA,NA,8N_Bipartite_Dense,8,Dense
42,0.240000,0.245714,0,0,NA,NA,NA,8N_Bipartite_Dense,8,Dense
43,0.245714,0.251429,1335,555,41.573034,0.250000,0.951853,8N_Bipartite_Dense,8,Dense
44,0.251429,0.257143,0,0,NA,NA,NA,8N_Bipartite_Dense,8,Dense
45,0.257143,0.262857,0,0,NA,NA,NA,8N_Bipartite_Dense,8,Dense
46,0.262857,0.268571,0,0,NA,NA,NA,8N_Bipartite_Dense,8,Dense
47,0.268571,0.274286,0,0,NA,NA,NA,8N_Bipartite_Dense,8,Dense
48,0.274286,0.280000,0,0,NA,NA,NA,8N_Bipartite_Dense,8,Dense
49,0.280000,0.285714,0,0,NA,NA,NA,8N_Bipartite_Dense,8,Dense
50,0.285714,0.291429,1623,360,22.181146,0.285714,0.930384,8N_Bipartite_Dense,8,Dense
51,0.291429,0.297143,0,0,NA,NA,NA,8N_Bipartite_Dense,8,Dense
52,0.297143,0.302857,0,0,NA,NA,NA,8N_Bipartite_Dense,8,Dense
53,0.302857,0.308571,0,0,NA,NA,NA,8N_Bipartite_Dense,8,Dense
54,0.308571,0.314286,0,0,NA,NA,NA,8N_Bipartite_Dense,8,Dense
55,0.314286,0.320000,0,0,NA,NA,NA,8N_Bipartite_Dense,8,Dense
56,0.320000,0.325714,1548,133,8.591731,0.321429,0.900936,8N_Bipartite_Dense,8,Dense
57,0.325714,0.331429,0,0,NA,NA,NA,8N_Bipartite_Dense,8,Dense
58,0.331429,0.337143,0,0,NA,NA,NA,8N_Bipartite_Dense,8,Dense
59,0.337143,0.342857,0,0,NA,NA,NA,8N_Bipartite_Dense,8,Dense
60,0.342857,0.348571,0,0,NA,NA,NA,8N_Bipartite_Dense,8,Dense
61,0.348571,0.354286,0,0,NA,NA,NA,8N_Bipartite_Dense,8,Dense
62,0.354286,0.360000,1310,41,3.129771,0.357143,0.871598,8N_Bipartite_Dense,8,Dense
63,0.360000,0.365714,0,0,NA,NA,NA,8N_Bipartite_Dense,8,Dense
64,0.365714,0.371429,0,0,NA,NA,NA,8N_Bipartite_Dense,8,Dense
65,0.371429,0.377143,0,0,NA,NA,NA,8N_Bipartite_Dense,8,Dense
66,0.377143,0.382857,0,0,NA,NA,NA,8N_Bipartite_Dense,8,Dense
67,0.382857,0.388571,0,0,NA,NA,NA,8N_Bipartite_Dense,8,Dense
68,0.388571,0.394286,1046,6,0.573614,0.392857,0.834697,8N_Bipartite_Dense,8,Dense
69,0.394286,0.400000,0,0,NA,NA,NA,8N_Bipartite_Dense,8,Dense
70,0.400000,0.405714,0,0,NA,NA,NA,8N_Bipartite_Dense,8,Dense
71,0.405714,0.411429,0,0,NA,NA,NA,8N_Bipartite_Dense,8,Dense
72,0.411429,0.417143,0,0,NA,NA,NA,8N_Bipartite_Dense,8,Dense
73,0.417143,0.422857,0,0,NA,NA,NA,8N_Bipartite_Dense,8,Dense
74,0.422857,0.428571,0,0,NA,NA,NA,8N_Bipartite_Dense,8,Dense
75,0.428571,0.434286,659,0,0.000000,0.428571,0.798242,8N_Bipartite_Dense,8,Dense
76,0.434286,0.440000,0,0,NA,NA,NA,8N_Bipartite_Dense,8,Dense
77,0.440000,0.445714,0,0,NA,NA,NA,8N_Bipartite_Dense,8,Dense
78,0.445714,0.451429,0,0,NA,NA,NA,8N_Bipartite_Dense,8,Dense
79,0.451429,0.457143,0,0,NA,NA,NA,8N_Bipartite_Dense,8,Dense
80,0.457143,0.462857,0,0,NA,NA,NA,8N_Bipartite_Dense,8,Dense
81,0.462857,0.468571,376,0,0.000000,0.464286,0.759614,8N_Bipartite_Dense,8,Dense
82,0.468571,0.474286,0,0,NA,NA,NA,8N_Bipartite_Dense,8,Dense
83,0.474286,0.480000,0,0,NA,NA,NA,8N_Bipartite_Dense,8,Dense
84,0.480000,0.485714,0,0,NA,NA,NA,8N_Bipartite_Dense,8,Dense
85,0.485714,0.491429,0,0,NA,NA,NA,8N_Bipartite_Dense,8,Dense
86,0.491429,0.497143,0,0,NA,NA,NA,8N_Bipartite_Dense,8,Dense
87,0.497143,0.502857,161,0,0.000000,0.500000,0.725898,8N_Bipartite_Dense,8,Dense
88,0.502857,0.508571,0,0,NA,NA,NA,8N_Bipartite_Dense,8,Dense
89,0.508571,0.514286,0,0,NA,NA,NA,8N_Bipartite_Dense,8,Dense
90,0.514286,0.520000,0,0,NA,NA,NA,8N_Bipartite_Dense,8,Dense
91,0.520000,0.525714,0,0,NA,NA,NA,8N_Bipartite_Dense,8,Dense
92,0.525714,0.531429,0,0,NA,NA,NA,8N_Bipartite_Dense,8,Dense
93,0.531429,0.537143,67,0,0.000000,0.535714,0.696851,8N_Bipartite_Dense,8,Dense
94,0.537143,0.542857,0,0,NA,NA,NA,8N_Bipartite_Dense,8,Dense
95,0.542857,0.548571,0,0,NA,NA,NA,8N_Bipartite_Dense,8,Dense
96,0.548571,0.554286,0,0,NA,NA,NA,8N_Bipartite_Dense,8,Dense
97,0.554286,0.560000,0,0,NA,NA,NA,8N_Bipartite_Dense,8,Dense
98,0.560000,0.565714,0,0,NA,NA,NA,8N_Bipartite_Dense,8,Dense
99,0.565714,0.571429,39,0,0.000000,0.584249,0.651968,8N_Bipartite_Dense,8,Dense
0,0.000000,0.005714,0,0,NA,NA,NA,8N_Bipartite_Medium,8,Medium
1,0.005714,0.011429,0,0,NA,NA,NA,8N_Bipartite_Medium,8,Medium
2,0.011429,0.017143,0,0,NA,NA,NA,8N_Bipartite_Medium,8,Medium
3,0.017143,0.022857,0,0,NA,NA,NA,8N_Bipartite_Medium,8,Medium
4,0.022857,0.028571,0,0,NA,NA,NA,8N_Bipartite_Medium,8,Medium
5,0.028571,0.034286,0,0,NA,NA,NA,8N_Bipartite_Medium,8,Medium
6,0.034286,0.040000,11,11,100.000000,0.035714,1.000000,8N_Bipartite_Medium,8,Medium
7,0.040000,0.045714,0,0,NA,NA,NA,8N_Bipartite_Medium,8,Medium
8,0.045714,0.051429,0,0,NA,NA,NA,8N_Bipartite_Medium,8,Medium
9,0.051429,0.057143,0,0,NA,NA,NA,8N_Bipartite_Medium,8,Medium
10,0.057143,0.062857,0,0,NA,NA,NA,8N_Bipartite_Medium,8,Medium
11,0.062857,0.068571,0,0,NA,NA,NA,8N_Bipartite_Medium,8,Medium
12,0.068571,0.074286,45,45,100.000000,0.071429,1.000000,8N_Bipartite_Medium,8,Medium
13,0.074286,0.080000,0,0,NA,NA,NA,8N_Bipartite_Medium,8,Medium
14,0.080000,0.085714,0,0,NA,NA,NA,8N_Bipartite_Medium,8,Medium
15,0.085714,0.091429,0,0,NA,NA,NA,8N_Bipartite_Medium,8,Medium
16,0.091429,0.097143,0,0,NA,NA,NA,8N_Bipartite_Medium,8,Medium
17,0.097143,0.102857,0,0,NA,NA,NA,8N_Bipartite_Medium,8,Medium
18,0.102857,0.108571,137,134,97.810219,0.107143,0.997870,8N_Bipartite_Medium,8,Medium
19,0.108571,0.114286,0,0,NA,NA,NA,8N_Bipartite_Medium,8,Medium
20,0.114286,0.120000,0,0,NA,NA,NA,8N_Bipartite_Medium,8,Medium
21,0.120000,0.125714,0,0,NA,NA,NA,8N_Bipartite_Medium,8,Medium
22,0.125714,0.131429,0,0,NA,NA,NA,8N_Bipartite_Medium,8,Medium
23,0.131429,0.137143,0,0,NA,NA,NA,8N_Bipartite_Medium,8,Medium
24,0.137143,0.142857,0,0,NA,NA,NA,8N_Bipartite_Medium,8,Medium
25,0.142857,0.148571,408,382,93.627451,0.142857,0.994146,8N_Bipartite_Medium,8,Medium
26,0.148571,0.154286,0,0,NA,NA,NA,8N_Bipartite_Medium,8,Medium
27,0.154286,0.160000,0,0,NA,NA,NA,8N_Bipartite_Medium,8,Medium
28,0.160000,0.165714,0,0,NA,NA,NA,8N_Bipartite_Medium,8,Medium
29,0.165714,0.171429,0,0,NA,NA,NA,8N_Bipartite_Medium,8,Medium
30,0.171429,0.177143,0,0,NA,NA,NA,8N_Bipartite_Medium,8,Medium
31,0.177143,0.182857,778,641,82.390746,0.178571,0.984457,8N_Bipartite_Medium,8,Medium
32,0.182857,0.188571,0,0,NA,NA,NA,8N_Bipartite_Medium,8,Medium
33,0.188571,0.194286,0,0,NA,NA,NA,8N_Bipartite_Medium,8,Medium
34,0.194286,0.200000,0,0,NA,NA,NA,8N_Bipartite_Medium,8,Medium
35,0.200000,0.205714,0,0,NA,NA,NA,8N_Bipartite_Medium,8,Medium
36,0.205714,0.211429,0,0,NA,NA,NA,8N_Bipartite_Medium,8,Medium
37,0.211429,0.217143,1164,759,65.206186,0.214286,0.971270,8N_Bipartite_Medium,8,Medium
38,0.217143,0.222857,0,0,NA,NA,NA,8N_Bipartite_Medium,8,Medium
39,0.222857,0.228571,0,0,NA,NA,NA,8N_Bipartite_Medium,8,Medium
40,0.228571,0.234286,0,0,NA,NA,NA,8N_Bipartite_Medium,8,Medium
41,0.234286,0.240000,0,0,NA,NA,NA,8N_Bipartite_Medium,8,Medium
42,0.240000,0.245714,0,0,NA,NA,NA,8N_Bipartite_Medium,8,Medium
43,0.245714,0.251429,1570,673,42.866242,0.250000,0.952497,8N_Bipartite_Medium,8,Medium
44,0.251429,0.257143,0,0,NA,NA,NA,8N_Bipartite_Medium,8,Medium
45,0.257143,0.262857,0,0,NA,NA,NA,8N_Bipartite_Medium,8,Medium
46,0.262857,0.268571,0,0,NA,NA,NA,8N_Bipartite_Medium,8,Medium
47,0.268571,0.274286,0,0,NA,NA,NA,8N_Bipartite_Medium,8,Medium
48,0.274286,0.280000,0,0,NA,NA,NA,8N_Bipartite_Medium,8,Medium
49,0.280000,0.285714,0,0,NA,NA,NA,8N_Bipartite_Medium,8,Medium
50,0.285714,0.291429,1603,341,21.272614,0.285714,0.928307,8N_Bipartite_Medium,8,Medium
51,0.291429,0.297143,0,0,NA,NA,NA,8N_Bipartite_Medium,8,Medium
52,0.297143,0.302857,0,0,NA,NA,NA,8N_Bipartite_Medium,8,Medium
53,0.302857,0.308571,0,0,NA,NA,NA,8N_Bipartite_Medium,8,Medium
54,0.308571,0.314286,0,0,NA,NA,NA,8N_Bipartite_Medium,8,Medium
55,0.314286,0.320000,0,0,NA,NA,NA,8N_Bipartite_Medium,8,Medium
56,0.320000,0.325714,1535,137,8.925081,0.321429,0.903349,8N_Bipartite_Medium,8,Medium
57,0.325714,0.331429,0,0,NA,NA,NA,8N_Bipartite_Medium,8,Medium
58,0.331429,0.337143,0,0,NA,NA,NA,8N_Bipartite_Medium,8,Medium
59,0.337143,0.342857,0,0,NA,NA,NA,8N_Bipartite_Medium,8,Medium
60,0.342857,0.348571,0,0,NA,NA,NA,8N_Bipartite_Medium,8,Medium
61,0.348571,0.354286,0,0,NA,NA,NA,8N_Bipartite_Medium,8,Medium
62,0.354286,0.360000,1160,33,2.844828,0.357143,0.869377,8N_Bipartite_Medium,8,Medium
63,0.360000,0.365714,0,0,NA,NA,NA,8N_Bipartite_Medium,8,Medium
64,0.365714,0.371429,0,0,NA,NA,NA,8N_Bipartite_Medium,8,Medium
65,0.371429,0.377143,0,0,NA,NA,NA,8N_Bipartite_Medium,8,Medium
66,0.377143,0.382857,0,0,NA,NA,NA,8N_Bipartite_Medium,8,Medium
67,0.382857,0.388571,0,0,NA,NA,NA,8N_Bipartite_Medium,8,Medium
68,0.388571,0.394286,750,9,1.200000,0.392857,0.835490,8N_Bipartite_Medium,8,Medium
69,0.394286,0.400000,0,0,NA,NA,NA,8N_Bipartite_Medium,8,Medium
70,0.400000,0.405714,0,0,NA,NA,NA,8N_Bipartite_Medium,8,Medium
71,0.405714,0.411429,0,0,NA,NA,NA,8N_Bipartite_Medium,8,Medium
72,0.411429,0.417143,0,0,NA,NA,NA,8N_Bipartite_Medium,8,Medium
73,0.417143,0.422857,0,0,NA,NA,NA,8N_Bipartite_Medium,8,Medium
74,0.422857,0.428571,0,0,NA,NA,NA,8N_Bipartite_Medium,8,Medium
75,0.428571,0.434286,438,0,0.000000,0.428571,0.796733,8N_Bipartite_Medium,8,Medium
76,0.434286,0.440000,0,0,NA,NA,NA,8N_Bipartite_Medium,8,Medium
77,0.440000,0.445714,0,0,NA,NA,NA,8N_Bipartite_Medium,8,Medium
78,0.445714,0.451429,0,0,NA,NA,NA,8N_Bipartite_Medium,8,Medium
79,0.451429,0.457143,0,0,NA,NA,NA,8N_Bipartite_Medium,8,Medium
80,0.457143,0.462857,0,0,NA,NA,NA,8N_Bipartite_Medium,8,Medium
81,0.462857,0.468571,244,0,0.000000,0.464286,0.764081,8N_Bipartite_Medium,8,Medium
82,0.468571,0.474286,0,0,NA,NA,NA,8N_Bipartite_Medium,8,Medium
83,0.474286,0.480000,0,0,NA,NA,NA,8N_Bipartite_Medium,8,Medium
84,0.480000,0.485714,0,0,NA,NA,NA,8N_Bipartite_Medium,8,Medium
85,0.485714,0.491429,0,0,NA,NA,NA,8N_Bipartite_Medium,8,Medium
86,0.491429,0.497143,0,0,NA,NA,NA,8N_Bipartite_Medium,8,Medium
87,0.497143,0.502857,93,0,0.000000,0.500000,0.721768,8N_Bipartite_Medium,8,Medium
88,0.502857,0.508571,0,0,NA,NA,NA,8N_Bipartite_Medium,8,Medium
89,0.508571,0.514286,0,0,NA,NA,NA,8N_Bipartite_Medium,8,Medium
90,0.514286,0.520000,0,0,NA,NA,NA,8N_Bipartite_Medium,8,Medium
91,0.520000,0.525714,0,0,NA,NA,NA,8N_Bipartite_Medium,8,Medium
92,0.525714,0.531429,0,0,NA,NA,NA,8N_Bipartite_Medium,8,Medium
93,0.531429,0.537143,47,0,0.000000,0.535714,0.686134,8N_Bipartite_Medium,8,Medium
94,0.537143,0.542857,0,0,NA,NA,NA,8N_Bipartite_Medium,8,Medium
95,0.542857,0.548571,0,0,NA,NA,NA,8N_Bipartite_Medium,8,Medium
96,0.548571,0.554286,0,0,NA,NA,NA,8N_Bipartite_Medium,8,Medium
97,0.554286,0.560000,0,0,NA,NA,NA,8N_Bipartite_Medium,8,Medium
98,0.560000,0.565714,0,0,NA,NA,NA,8N_Bipartite_Medium,8,Medium
99,0.565714,0.571429,17,0,0.000000,0.586134,0.647522,8N_Bipartite_Medium,8,Medium
0,0.000000,0.005714,4,4,100.000000,0.000000,1.000000,8N_Bipartite_Sparse,8,Sparse
1,0.005714,0.011429,0,0,NA,NA,NA,8N_Bipartite_Sparse,8,Sparse
2,0.011429,0.017143,0,0,NA,NA,NA,8N_Bipartite_Sparse,8,Sparse
3,0.017143,0.022857,0,0,NA,NA,NA,8N_Bipartite_Sparse,8,Sparse
4,0.022857,0.028571,0,0,NA,NA,NA,8N_Bipartite_Sparse,8,Sparse
5,0.028571,0.034286,0,0,NA,NA,NA,8N_Bipartite_Sparse,8,Sparse
6,0.034286,0.040000,58,58,100.000000,0.035714,1.000000,8N_Bipartite_Sparse,8,Sparse
7,0.040000,0.045714,0,0,NA,NA,NA,8N_Bipartite_Sparse,8,Sparse
8,0.045714,0.051429,0,0,NA,NA,NA,8N_Bipartite_Sparse,8,Sparse
9,0.051429,0.057143,0,0,NA,NA,NA,8N_Bipartite_Sparse,8,Sparse
10,0.057143,0.062857,0,0,NA,NA,NA,8N_Bipartite_Sparse,8,Sparse
11,0.062857,0.068571,0,0,NA,NA,NA,8N_Bipartite_Sparse,8,Sparse
12,0.068571,0.074286,234,234,100.000000,0.071429,1.000000,8N_Bipartite_Sparse,8,Sparse
13,0.074286,0.080000,0,0,NA,NA,NA,8N_Bipartite_Sparse,8,Sparse
14,0.080000,0.085714,0,0,NA,NA,NA,8N_Bipartite_Sparse,8,Sparse
15,0.085714,0.091429,0,0,NA,NA,NA,8N_Bipartite_Sparse,8,Sparse
16,0.091429,0.097143,0,0,NA,NA,NA,8N_Bipartite_Sparse,8,Sparse
17,0.097143,0.102857,0,0,NA,NA,NA,8N_Bipartite_Sparse,8,Sparse
18,0.102857,0.108571,663,651,98.190045,0.107143,0.998240,8N_Bipartite_Sparse,8,Sparse
19,0.108571,0.114286,0,0,NA,NA,NA,8N_Bipartite_Sparse,8,Sparse
20,0.114286,0.120000,0,0,NA,NA,NA,8N_Bipartite_Sparse,8,Sparse
21,0.120000,0.125714,0,0,NA,NA,NA,8N_Bipartite_Sparse,8,Sparse
22,0.125714,0.131429,0,0,NA,NA,NA,8N_Bipartite_Sparse,8,Sparse
23,0.131429,0.137143,0,0,NA,NA,NA,8N_Bipartite_Sparse,8,Sparse
24,0.137143,0.142857,0,0,NA,NA,NA,8N_Bipartite_Sparse,8,Sparse
25,0.142857,0.148571,1127,1029,91.304348,0.142857,0.991994,8N_Bipartite_Sparse,8,Sparse
26,0.148571,0.154286,0,0,NA,NA,NA,8N_Bipartite_Sparse,8,Sparse
27,0.154286,0.160000,0,0,NA,NA,NA,8N_Bipartite_Sparse,8,Sparse
28,0.160000,0.165714,0,0,NA,NA,NA,8N_Bipartite_Sparse,8,Sparse
29,0.165714,0.171429,0,0,NA,NA,NA,8N_Bipartite_Sparse,8,Sparse
30,0.171429,0.177143,0,0,NA,NA,NA,8N_Bipartite_Sparse,8,Sparse
31,0.177143,0.182857,1570,1300,82.802548,0.178571,0.985823,8N_Bipartite_Sparse,8,Sparse
32,0.182857,0.188571,0,0,NA,NA,NA,8N_Bipartite_Sparse,8,Sparse
33,0.188571,0.194286,0,0,NA,NA,NA,8N_Bipartite_Sparse,8,Sparse
34,0.194286,0.200000,0,0,NA,NA,NA,8N_Bipartite_Sparse,8,Sparse
35,0.200000,0.205714,0,0,NA,NA,NA,8N_Bipartite_Sparse,8,Sparse
36,0.205714,0.211429,0,0,NA,NA,NA,8N_Bipartite_Sparse,8,Sparse
37,0.211429,0.217143,1766,1145,64.835787,0.214286,0.971380,8N_Bipartite_Sparse,8,Sparse
38,0.217143,0.222857,0,0,NA,NA,NA,8N_Bipartite_Sparse,8,Sparse
39,0.222857,0.228571,0,0,NA,NA,NA,8N_Bipartite_Sparse,8,Sparse
40,0.228571,0.234286,0,0,NA,NA,NA,8N_Bipartite_Sparse,8,Sparse
41,0.234286,0.240000,0,0,NA,NA,NA,8N_Bipartite_Sparse,8,Sparse
42,0.240000,0.245714,0,0,NA,NA,NA,8N_Bipartite_Sparse,8,Sparse
43,0.245714,0.251429,1684,754,44.774347,0.250000,0.954696,8N_Bipartite_Sparse,8,Sparse
44,0.251429,0.257143,0,0,NA,NA,NA,8N_Bipartite_Sparse,8,Sparse
45,0.257143,0.262857,0,0,NA,NA,NA,8N_Bipartite_Sparse,8,Sparse
46,0.262857,0.268571,0,0,NA,NA,NA,8N_Bipartite_Sparse,8,Sparse
47,0.268571,0.274286,0,0,NA,NA,NA,8N_Bipartite_Sparse,8,Sparse
48,0.274286,0.280000,0,0,NA,NA,NA,8N_Bipartite_Sparse,8,Sparse
49,0.280000,0.285714,0,0,NA,NA,NA,8N_Bipartite_Sparse,8,Sparse
50,0.285714,0.291429,1259,277,22.001589,0.285714,0.931195,8N_Bipartite_Sparse,8,Sparse
51,0.291429,0.297143,0,0,NA,NA,NA,8N_Bipartite_Sparse,8,Sparse
52,0.297143,0.302857,0,0,NA,NA,NA,8N_Bipartite_Sparse,8,Sparse
53,0.302857,0.308571,0,0,NA,NA,NA,8N_Bipartite_Sparse,8,Sparse
54,0.308571,0.314286,0,0,NA,NA,NA,8N_Bipartite_Sparse,8,Sparse
55,0.314286,0.320000,0,0,NA,NA,NA,8N_Bipartite_Sparse,8,Sparse
56,0.320000,0.325714,834,70,8.393285,0.321429,0.899838,8N_Bipartite_Sparse,8,Sparse
57,0.325714,0.331429,0,0,NA,NA,NA,8N_Bipartite_Sparse,8,Sparse
58,0.331429,0.337143,0,0,NA,NA,NA,8N_Bipartite_Sparse,8,Sparse
59,0.337143,0.342857,0,0,NA,NA,NA,8N_Bipartite_Sparse,8,Sparse
60,0.342857,0.348571,0,0,NA,NA,NA,8N_Bipartite_Sparse,8,Sparse
61,0.348571,0.354286,0,0,NA,NA,NA,8N_Bipartite_Sparse,8,Sparse
62,0.354286,0.360000,478,17,3.556485,0.357143,0.867191,8N_Bipartite_Sparse,8,Sparse
63,0.360000,0.365714,0,0,NA,NA,NA,8N_Bipartite_Sparse,8,Sparse
64,0.365714,0.371429,0,0,NA,NA,NA,8N_Bipartite_Sparse,8,Sparse
65,0.371429,0.377143,0,0,NA,NA,NA,8N_Bipartite_Sparse,8,Sparse
66,0.377143,0.382857,0,0,NA,NA,NA,8N_Bipartite_Sparse,8,Sparse
67,0.382857,0.388571,0,0,NA,NA,NA,8N_Bipartite_Sparse,8,Sparse
68,0.388571,0.394286,199,0,0.000000,0.392857,0.832655,8N_Bipartite_Sparse,8,Sparse
69,0.394286,0.400000,0,0,NA,NA,NA,8N_Bipartite_Sparse,8,Sparse
70,0.400000,0.405714,0,0,NA,NA,NA,8N_Bipartite_Sparse,8,Sparse
71,0.405714,0.411429,0,0,NA,NA,NA,8N_Bipartite_Sparse,8,Sparse
72,0.411429,0.417143,0,0,NA,NA,NA,8N_Bipartite_Sparse,8,Sparse
73,0.417143,0.422857,0,0,NA,NA,NA,8N_Bipartite_Sparse,8,Sparse
74,0.422857,0.428571,0,0,NA,NA,NA,8N_Bipartite_Sparse,8,Sparse
75,0.428571,0.434286,86,0,0.000000,0.428571,0.799158,8N_Bipartite_Sparse,8,Sparse
76,0.434286,0.440000,0,0,NA,NA,NA,8N_Bipartite_Sparse,8,Sparse
77,0.440000,0.445714,0,0,NA,NA,NA,8N_Bipartite_Sparse,8,Sparse
78,0.445714,0.451429,0,0,NA,NA,NA,8N_Bipartite_Sparse,8,Sparse
79,0.451429,0.457143,0,0,NA,NA,NA,8N_Bipartite_Sparse,8,Sparse
80,0.457143,0.462857,0,0,NA,NA,NA,8N_Bipartite_Sparse,8,Sparse
81,0.462857,0.468571,23,0,0.000000,0.464286,0.762486,8N_Bipartite_Sparse,8,Sparse
82,0.468571,0.474286,0,0,NA,NA,NA,8N_Bipartite_Sparse,8,Sparse
83,0.474286,0.480000,0,0,NA,NA,NA,8N_Bipartite_Sparse,8,Sparse
84,0.480000,0.485714,0,0,NA,NA,NA,8N_Bipartite_Sparse,8,Sparse
85,0.485714,0.491429,0,0,NA,NA,NA,8N_Bipartite_Sparse,8,Sparse
86,0.491429,0.497143,0,0,NA,NA,NA,8N_Bipartite_Sparse,8,Sparse
87,0.497143,0.502857,8,0,0.000000,0.500000,0.745466,8N_Bipartite_Sparse,8,Sparse
88,0.502857,0.508571,0,0,NA,NA,NA,8N_Bipartite_Sparse,8,Sparse
89,0.508571,0.514286,0,0,NA,NA,NA,8N_Bipartite_Sparse,8,Sparse
90,0.514286,0.520000,0,0,NA,NA,NA,8N_Bipartite_Sparse,8,Sparse
91,0.520000,0.525714,0,0,NA,NA,NA,8N_Bipartite_Sparse,8,Sparse
92,0.525714,0.531429,0,0,NA,NA,NA,8N_Bipartite_Sparse,8,Sparse
93,0.531429,0.537143,4,0,0.000000,0.535714,0.684692,8N_Bipartite_Sparse,8,Sparse
94,0.537143,0.542857,0,0,NA,NA,NA,8N_Bipartite_Sparse,8,Sparse
95,0.542857,0.548571,0,0,NA,NA,NA,8N_Bipartite_Sparse,8,Sparse
96,0.548571,0.554286,0,0,NA,NA,NA,8N_Bipartite_Sparse,8,Sparse
97,0.554286,0.560000,0,0,NA,NA,NA,8N_Bipartite_Sparse,8,Sparse
98,0.560000,0.565714,0,0,NA,NA,NA,8N_Bipartite_Sparse,8,Sparse
99,0.565714,0.571429,3,0,0.000000,0.571429,0.675245,8N_Bipartite_Sparse,8,Sparse
0,0.000000,0.005714,0,0,NA,NA,NA,10N_Bipartite_Dense,10,Dense
1,0.005714,0.011429,0,0,NA,NA,NA,10N_Bipartite_Dense,10,Dense
2,0.011429,0.017143,0,0,NA,NA,NA,10N_Bipartite_Dense,10,Dense
3,0.017143,0.022857,0,0,NA,NA,NA,10N_Bipartite_Dense,10,Dense
4,0.022857,0.028571,0,0,NA,NA,NA,10N_Bipartite_Dense,10,Dense
5,0.028571,0.034286,0,0,NA,NA,NA,10N_Bipartite_Dense,10,Dense
6,0.034286,0.040000,0,0,NA,NA,NA,10N_Bipartite_Dense,10,Dense
7,0.040000,0.045714,0,0,NA,NA,NA,10N_Bipartite_Dense,10,Dense
8,0.045714,0.051429,0,0,NA,NA,NA,10N_Bipartite_Dense,10,Dense
9,0.051429,0.057143,0,0,NA,NA,NA,10N_Bipartite_Dense,10,Dense
10,0.057143,0.062857,0,0,NA,NA,NA,10N_Bipartite_Dense,10,Dense
11,0.062857,0.068571,1,1,100.000000,0.066667,1.000000,10N_Bipartite_Dense,10,Dense
12,0.068571,0.074286,0,0,NA,NA,NA,10N_Bipartite_Dense,10,Dense
13,0.074286,0.080000,0,0,NA,NA,NA,10N_Bipartite_Dense,10,Dense
14,0.080000,0.085714,0,0,NA,NA,NA,10N_Bipartite_Dense,10,Dense
15,0.085714,0.091429,0,0,NA,NA,NA,10N_Bipartite_Dense,10,Dense
16,0.091429,0.097143,0,0,NA,NA,NA,10N_Bipartite_Dense,10,Dense
17,0.097143,0.102857,0,0,NA,NA,NA,10N_Bipartite_Dense,10,Dense
18,0.102857,0.108571,0,0,NA,NA,NA,10N_Bipartite_Dense,10,Dense
19,0.108571,0.114286,1,1,100.000000,0.111111,1.000000,10N_Bipartite_Dense,10,Dense
20,0.114286,0.120000,0,0,NA,NA,NA,10N_Bipartite_Dense,10,Dense
21,0.120000,0.125714,0,0,NA,NA,NA,10N_Bipartite_Dense,10,Dense
22,0.125714,0.131429,0,0,NA,NA,NA,10N_Bipartite_Dense,10,Dense
23,0.131429,0.137143,10,9,90.000000,0.133333,0.992706,10N_Bipartite_Dense,10,Dense
24,0.137143,0.142857,0,0,NA,NA,NA,10N_Bipartite_Dense,10,Dense
25,0.142857,0.148571,0,0,NA,NA,NA,10N_Bipartite_Dense,10,Dense
26,0.148571,0.154286,0,0,NA,NA,NA,10N_Bipartite_Dense,10,Dense
27,0.154286,0.160000,31,21,67.741935,0.155556,0.983425,10N_Bipartite_Dense,10,Dense
28,0.160000,0.165714,0,0,NA,NA,NA,10N_Bipartite_Dense,10,Dense
29,0.165714,0.171429,0,0,NA,NA,NA,10N_Bipartite_Dense,10,Dense
30,0.171429,0.177143,0,0,NA,NA,NA,10N_Bipartite_Dense,10,Dense
31,0.177143,0.182857,60,28,46.666667,0.177778,0.961788,10N_Bipartite_Dense,10,Dense
32,0.182857,0.188571,0,0,NA,NA,NA,10N_Bipartite_Dense,10,Dense
33,0.188571,0.194286,0,0,NA,NA,NA,10N_Bipartite_Dense,10,Dense
34,0.194286,0.200000,0,0,NA,NA,NA,10N_Bipartite_Dense,10,Dense
35,0.200000,0.205714,140,56,40.000000,0.200000,0.955060,10N_Bipartite_Dense,10,Dense
36,0.205714,0.211429,0,0,NA,NA,NA,10N_Bipartite_Dense,10,Dense
37,0.211429,0.217143,0,0,NA,NA,NA,10N_Bipartite_Dense,10,Dense
38,0.217143,0.222857,277,48,17.328520,0.222222,0.930431,10N_Bipartite_Dense,10,Dense
39,0.222857,0.228571,0,0,NA,NA,NA,10N_Bipartite_Dense,10,Dense
40,0.228571,0.234286,0,0,NA,NA,NA,10N_Bipartite_Dense,10,Dense
41,0.234286,0.240000,0,0,NA,NA,NA,10N_Bipartite_Dense,10,Dense
42,0.240000,0.245714,468,44,9.401709,0.244444,0.915367,10N_Bipartite_Dense,10,Dense
43,0.245714,0.251429,0,0,NA,NA,NA,10N_Bipartite_Dense,10,Dense
44,0.251429,0.257143,0,0,NA,NA,NA,10N_Bipartite_Dense,10,Dense
45,0.257143,0.262857,0,0,NA,NA,NA,10N_Bipartite_Dense,10,Dense
46,0.262857,0.268571,680,32,4.705882,0.266667,0.899748,10N_Bipartite_Dense,10,Dense
47,0.268571,0.274286,0,0,NA,NA,NA,10N_Bipartite_Dense,10,Dense
48,0.274286,0.280000,0,0,NA,NA,NA,10N_Bipartite_Dense,10,Dense
49,0.280000,0.285714,0,0,NA,NA,NA,10N_Bipartite_Dense,10,Dense
50,0.285714,0.291429,888,7,0.788288,0.288889,0.872601,10N_Bipartite_Dense,10,Dense
51,0.291429,0.297143,0,0,NA,NA,NA,10N_Bipartite_Dense,10,Dense
52,0.297143,0.302857,0,0,NA,NA,NA,10N_Bipartite_Dense,10,Dense
53,0.302857,0.308571,0,0,NA,NA,NA,10N_Bipartite_Dense,10,Dense
54,0.308571,0.314286,1118,6,0.536673,0.311111,0.845257,10N_Bipartite_Dense,10,Dense
55,0.314286,0.320000,0,0,NA,NA,NA,10N_Bipartite_Dense,10,Dense
56,0.320000,0.325714,0,0,NA,NA,NA,10N_Bipartite_Dense,10,Dense
57,0.325714,0.331429,0,0,NA,NA,NA,10N_Bipartite_Dense,10,Dense
58,0.331429,0.337143,1205,2,0.165975,0.333333,0.820010,10N_Bipartite_Dense,10,Dense
59,0.337143,0.342857,0,0,NA,NA,NA,10N_Bipartite_Dense,10,Dense
60,0.342857,0.348571,0,0,NA,NA,NA,10N_Bipartite_Dense,10,Dense
61,0.348571,0.354286,0,0,NA,NA,NA,10N_Bipartite_Dense,10,Dense
62,0.354286,0.360000,1214,0,0.000000,0.355556,0.793895,10N_Bipartite_Dense,10,Dense
63,0.360000,0.365714,0,0,NA,NA,NA,10N_Bipartite_Dense,10,Dense
64,0.365714,0.371429,0,0,NA,NA,NA,10N_Bipartite_Dense,10,Dense
65,0.371429,0.377143,0,0,NA,NA,NA,10N_Bipartite_Dense,10,Dense
66,0.377143,0.382857,1151,0,0.000000,0.377778,0.765763,10N_Bipartite_Dense,10,Dense
67,0.382857,0.388571,0,0,NA,NA,NA,10N_Bipartite_Dense,10,Dense
68,0.388571,0.394286,0,0,NA,NA,NA,10N_Bipartite_Dense,10,Dense
69,0.394286,0.400000,0,0,NA,NA,NA,10N_Bipartite_Dense,10,Dense
70,0.400000,0.405714,928,0,0.000000,0.400000,0.737933,10N_Bipartite_Dense,10,Dense
71,0.405714,0.411429,0,0,NA,NA,NA,10N_Bipartite_Dense,10,Dense
72,0.411429,0.417143,0,0,NA,NA,NA,10N_Bipartite_Dense,10,Dense
73,0.417143,0.422857,696,0,0.000000,0.422222,0.710750,10N_Bipartite_Dense,10,Dense
74,0.422857,0.428571,0,0,NA,NA,NA,10N_Bipartite_Dense,10,Dense
75,0.428571,0.434286,0,0,NA,NA,NA,10N_Bipartite_Dense,10,Dense
76,0.434286,0.440000,0,0,NA,NA,NA,10N_Bipartite_Dense,10,Dense
77,0.440000,0.445714,481,0,0.000000,0.444444,0.686676,10N_Bipartite_Dense,10,Dense
78,0.445714,0.451429,0,0,NA,NA,NA,10N_Bipartite_Dense,10,Dense
79,0.451429,0.457143,0,0,NA,NA,NA,10N_Bipartite_Dense,10,Dense
80,0.457143,0.462857,0,0,NA,NA,NA,10N_Bipartite_Dense,10,Dense
81,0.462857,0.468571,308,0,0.000000,0.466667,0.666023,10N_Bipartite_Dense,10,Dense
82,0.468571,0.474286,0,0,NA,NA,NA,10N_Bipartite_Dense,10,Dense
83,0.474286,0.480000,0,0,NA,NA,NA,10N_Bipartite_Dense,10,Dense
84,0.480000,0.485714,0,0,NA,NA,NA,10N_Bipartite_Dense,10,Dense
85,0.485714,0.491429,169,0,0.000000,0.488889,0.647007,10N_Bipartite_Dense,10,Dense
86,0.491429,0.497143,0,0,NA,NA,NA,10N_Bipartite_Dense,10,Dense
87,0.497143,0.502857,0,0,NA,NA,NA,10N_Bipartite_Dense,10,Dense
88,0.502857,0.508571,0,0,NA,NA,NA,10N_Bipartite_Dense,10,Dense
89,0.508571,0.514286,94,0,0.000000,0.511111,0.620953,10N_Bipartite_Dense,10,Dense
90,0.514286,0.520000,0,0,NA,NA,NA,10N_Bipartite_Dense,10,Dense
91,0.520000,0.525714,0,0,NA,NA,NA,10N_Bipartite_Dense,10,Dense
92,0.525714,0.531429,0,0,NA,NA,NA,10N_Bipartite_Dense,10,Dense
93,0.531429,0.537143,48,0,0.000000,0.533333,0.601959,10N_Bipartite_Dense,10,Dense
94,0.537143,0.542857,0,0,NA,NA,NA,10N_Bipartite_Dense,10,Dense
95,0.542857,0.548571,0,0,NA,NA,NA,10N_Bipartite_Dense,10,Dense
96,0.548571,0.554286,0,0,NA,NA,NA,10N_Bipartite_Dense,10,Dense
97,0.554286,0.560000,20,0,0.000000,0.555556,0.586778,10N_Bipartite_Dense,10,Dense
98,0.560000,0.565714,0,0,NA,NA,NA,10N_Bipartite_Dense,10,Dense
99,0.565714,0.571429,12,0,0.000000,0.587037,0.571889,10N_Bipartite_Dense,10,Dense
0,0.000000,0.005714,0,0,NA,NA,NA,10N_Bipartite_Medium,10,Medium
1,0.005714,0.011429,0,0,NA,NA,NA,10N_Bipartite_Medium,10,Medium
2,0.011429,0.017143,0,0,NA,NA,NA,10N_Bipartite_Medium,10,Medium
3,0.017143,0.022857,0,0,NA,NA,NA,10N_Bipartite_Medium,10,Medium
4,0.022857,0.028571,0,0,NA,NA,NA,10N_Bipartite_Medium,10,Medium
5,0.028571,0.034286,0,0,NA,NA,NA,10N_Bipartite_Medium,10,Medium
6,0.034286,0.040000,0,0,NA,NA,NA,10N_Bipartite_Medium,10,Medium
7,0.040000,0.045714,7,7,100.000000,0.044444,1.000000,10N_Bipartite_Medium,10,Medium
8,0.045714,0.051429,0,0,NA,NA,NA,10N_Bipartite_Medium,10,Medium
9,0.051429,0.057143,0,0,NA,NA,NA,10N_Bipartite_Medium,10,Medium
10,0.057143,0.062857,0,0,NA,NA,NA,10N_Bipartite_Medium,10,Medium
11,0.062857,0.068571,20,20,100.000000,0.066667,1.000000,10N_Bipartite_Medium,10,Medium
12,0.068571,0.074286,0,0,NA,NA,NA,10N_Bipartite_Medium,10,Medium
13,0.074286,0.080000,0,0,NA,NA,NA,10N_Bipartite_Medium,10,Medium
14,0.080000,0.085714,0,0,NA,NA,NA,10N_Bipartite_Medium,10,Medium
15,0.085714,0.091429,91,87,95.604396,0.088889,0.996498,10N_Bipartite_Medium,10,Medium
16,0.091429,0.097143,0,0,NA,NA,NA,10N_Bipartite_Medium,10,Medium
17,0.097143,0.102857,0,0,NA,NA,NA,10N_Bipartite_Medium,10,Medium
18,0.102857,0.108571,0,0,NA,NA,NA,10N_Bipartite_Medium,10,Medium
19,0.108571,0.114286,255,239,93.725490,0.111111,0.995182,10N_Bipartite_Medium,10,Medium
20,0.114286,0.120000,0,0,NA,NA,NA,10N_Bipartite_Medium,10,Medium
21,0.120000,0.125714,0,0,NA,NA,NA,10N_Bipartite_Medium,10,Medium
22,0.125714,0.131429,0,0,NA,NA,NA,10N_Bipartite_Medium,10,Medium
23,0.131429,0.137143,459,392,85.403050,0.133333,0.989798,10N_Bipartite_Medium,10,Medium
24,0.137143,0.142857,0,0,NA,NA,NA,10N_Bipartite_Medium,10,Medium
25,0.142857,0.148571,0,0,NA,NA,NA,10N_Bipartite_Medium,10,Medium
26,0.148571,0.154286,0,0,NA,NA,NA,10N_Bipartite_Medium,10,Medium
27,0.154286,0.160000,733,516,70.395634,0.155556,0.980418,10N_Bipartite_Medium,10,Medium
28,0.160000,0.165714,0,0,NA,NA,NA,10N_Bipartite_Medium,10,Medium
29,0.165714,0.171429,0,0,NA,NA,NA,10N_Bipartite_Medium,10,Medium
30,0.171429,0.177143,0,0,NA,NA,NA,10N_Bipartite_Medium,10,Medium
31,0.177143,0.182857,1085,547,50.414747,0.177778,0.966416,10N_Bipartite_Medium,10,Medium
32,0.182857,0.188571,0,0,NA,NA,NA,10N_Bipartite_Medium,10,Medium
33,0.188571,0.194286,0,0,NA,NA,NA,10N_Bipartite_Medium,10,Medium
34,0.194286,0.200000,0,0,NA,NA,NA,10N_Bipartite_Medium,10,Medium
35,0.200000,0.205714,1306,442,33.843798,0.200000,0.953735,10N_Bipartite_Medium,10,Medium
36,0.205714,0.211429,0,0,NA,NA,NA,10N_Bipartite_Medium,10,Medium
37,0.211429,0.217143,0,0,NA,NA,NA,10N_Bipartite_Medium,10,Medium
38,0.217143,0.222857,1378,261,18.940493,0.222222,0.937659,10N_Bipartite_Medium,10,Medium
39,0.222857,0.228571,0,0,NA,NA,NA,10N_Bipartite_Medium,10,Medium
40,0.228571,0.234286,0,0,NA,NA,NA,10N_Bipartite_Medium,10,Medium
41,0.234286,0.240000,0,0,NA,NA,NA,10N_Bipartite_Medium,10,Medium
42,0.240000,0.245714,1395,119,8.530466,0.244444,0.916460,10N_Bipartite_Medium,10,Medium
43,0.245714,0.251429,0,0,NA,NA,NA,10N_Bipartite_Medium,10,Medium
44,0.251429,0.257143,0,0,NA,NA,NA,10N_Bipartite_Medium,10,Medium
45,0.257143,0.262857,0,0,NA,NA,NA,10N_Bipartite_Medium,10,Medium
46,0.262857,0.268571,1088,43,3.952206,0.266667,0.896241,10N_Bipartite_Medium,10,Medium
47,0.268571,0.274286,0,0,NA,NA,NA,10N_Bipartite_Medium,10,Medium
48,0.274286,0.280000,0,0,NA,NA,NA,10N_Bipartite_Medium,10,Medium
49,0.280000,0.285714,0,0,NA,NA,NA,10N_Bipartite_Medium,10,Medium
50,0.285714,0.291429,867,12,1.384083,0.288889,0.870223,10N_Bipartite_Medium,10,Medium
51,0.291429,0.297143,0,0,NA,NA,NA,10N_Bipartite_Medium,10,Medium
52,0.297143,0.302857,0,0,NA,NA,NA,10N_Bipartite_Medium,10,Medium
53,0.302857,0.308571,0,0,NA,NA,NA,10N_Bipartite_Medium,10,Medium
54,0.308571,0.314286,580,1,0.172414,0.311111,0.846304,10N_Bipartite_Medium,10,Medium
55,0.314286,0.320000,0,0,NA,NA,NA,10N_Bipartite_Medium,10,Medium
56,0.320000,0.325714,0,0,NA,NA,NA,10N_Bipartite_Medium,10,Medium
57,0.325714,0.331429,0,0,NA,NA,NA,10N_Bipartite_Medium,10,Medium
58,0.331429,0.337143,371,2,0.539084,0.333333,0.820378,10N_Bipartite_Medium,10,Medium
59,0.337143,0.342857,0,0,NA,NA,NA,10N_Bipartite_Medium,10,Medium
60,0.342857,0.348571,0,0,NA,NA,NA,10N_Bipartite_Medium,10,Medium
61,0.348571,0.354286,0,0,NA,NA,NA,10N_Bipartite_Medium,10,Medium
62,0.354286,0.360000,176,0,0.000000,0.355556,0.792049,10N_Bipartite_Medium,10,Medium
63,0.360000,0.365714,0,0,NA,NA,NA,10N_Bipartite_Medium,10,Medium
64,0.365714,0.371429,0,0,NA,NA,NA,10N_Bipartite_Medium,10,Medium
65,0.371429,0.377143,0,0,NA,NA,NA,10N_Bipartite_Medium,10,Medium
66,0.377143,0.382857,111,0,0.000000,0.377778,0.766180,10N_Bipartite_Medium,10,Medium
67,0.382857,0.388571,0,0,NA,NA,NA,10N_Bipartite_Medium,10,Medium
68,0.388571,0.394286,0,0,NA,NA,NA,10N_Bipartite_Medium,10,Medium
69,0.394286,0.400000,0,0,NA,NA,NA,10N_Bipartite_Medium,10,Medium
70,0.400000,0.405714,49,0,0.000000,0.400000,0.722783,10N_Bipartite_Medium,10,Medium
71,0.405714,0.411429,0,0,NA,NA,NA,10N_Bipartite_Medium,10,Medium
72,0.411429,0.417143,0,0,NA,NA,NA,10N_Bipartite_Medium,10,Medium
73,0.417143,0.422857,22,0,0.000000,0.422222,0.715452,10N_Bipartite_Medium,10,Medium
74,0.422857,0.428571,0,0,NA,NA,NA,10N_Bipartite_Medium,10,Medium
75,0.428571,0.434286,0,0,NA,NA,NA,10N_Bipartite_Medium,10,Medium
76,0.434286,0.440000,0,0,NA,NA,NA,10N_Bipartite_Medium,10,Medium
77,0.440000,0.445714,4,0,0.000000,0.444444,0.688402,10N_Bipartite_Medium,10,Medium
78,0.445714,0.451429,0,0,NA,NA,NA,10N_Bipartite_Medium,10,Medium
79,0.451429,0.457143,0,0,NA,NA,NA,10N_Bipartite_Medium,10,Medium
80,0.457143,0.462857,0,0,NA,NA,NA,10N_Bipartite_Medium,10,Medium
81,0.462857,0.468571,2,0,0.000000,0.466667,0.671977,10N_Bipartite_Medium,10,Medium
82,0.468571,0.474286,0,0,NA,NA,NA,10N_Bipartite_Medium,10,Medium
83,0.474286,0.480000,0,0,NA,NA,NA,10N_Bipartite_Medium,10,Medium
84,0.480000,0.485714,0,0,NA,NA,NA,10N_Bipartite_Medium,10,Medium
85,0.485714,0.491429,1,0,0.000000,0.488889,0.583124,10N_Bipartite_Medium,10,Medium
86,0.491429,0.497143,0,0,NA,NA,NA,10N_Bipartite_Medium,10,Medium
87,0.497143,0.502857,0,0,NA,NA,NA,10N_Bipartite_Medium,10,Medium
88,0.502857,0.508571,0,0,NA,NA,NA,10N_Bipartite_Medium,10,Medium
89,0.508571,0.514286,0,0,NA,NA,NA,10N_Bipartite_Medium,10,Medium
90,0.514286,0.520000,0,0,NA,NA,NA,10N_Bipartite_Medium,10,Medium
91,0.520000,0.525714,0,0,NA,NA,NA,10N_Bipartite_Medium,10,Medium
92,0.525714,0.531429,0,0,NA,NA,NA,10N_Bipartite_Medium,10,Medium
93,0.531429,0.537143,0,0,NA,NA,NA,10N_Bipartite_Medium,10,Medium
94,0.537143,0.542857,0,0,NA,NA,NA,10N_Bipartite_Medium,10,Medium
95,0.542857,0.548571,0,0,NA,NA,NA,10N_Bipartite_Medium,10,Medium
96,0.548571,0.554286,0,0,NA,NA,NA,10N_Bipartite_Medium,10,Medium
97,0.554286,0.560000,0,0,NA,NA,NA,10N_Bipartite_Medium,10,Medium
98,0.560000,0.565714,0,0,NA,NA,NA,10N_Bipartite_Medium,10,Medium
99,0.565714,0.571429,0,0,NA,NA,NA,10N_Bipartite_Medium,10,Medium
0,0.000000,0.005714,1,1,100.000000,0.000000,1.000000,10N_Bipartite_Sparse,10,Sparse
1,0.005714,0.011429,0,0,NA,NA,NA,10N_Bipartite_Sparse,10,Sparse
2,0.011429,0.017143,0,0,NA,NA,NA,10N_Bipartite_Sparse,10,Sparse
3,0.017143,0.022857,15,15,100.000000,0.022222,1.000000,10N_Bipartite_Sparse,10,Sparse
4,0.022857,0.028571,0,0,NA,NA,NA,10N_Bipartite_Sparse,10,Sparse
5,0.028571,0.034286,0,0,NA,NA,NA,10N_Bipartite_Sparse,10,Sparse
6,0.034286,0.040000,0,0,NA,NA,NA,10N_Bipartite_Sparse,10,Sparse
7,0.040000,0.045714,61,61,100.000000,0.044444,1.000000,10N_Bipartite_Sparse,10,Sparse
8,0.045714,0.051429,0,0,NA,NA,NA,10N_Bipartite_Sparse,10,Sparse
9,0.051429,0.057143,0,0,NA,NA,NA,10N_Bipartite_Sparse,10,Sparse
10,0.057143,0.062857,0,0,NA,NA,NA,10N_Bipartite_Sparse,10,Sparse
11,0.062857,0.068571,229,229,100.000000,0.066667,1.000000,10N_Bipartite_Sparse,10,Sparse
12,0.068571,0.074286,0,0,NA,NA,NA,10N_Bipartite_Sparse,10,Sparse
13,0.074286,0.080000,0,0,NA,NA,NA,10N_Bipartite_Sparse,10,Sparse
14,0.080000,0.085714,0,0,NA,NA,NA,10N_Bipartite_Sparse,10,Sparse
15,0.085714,0.091429,470,457,97.234043,0.088889,0.997767,10N_Bipartite_Sparse,10,Sparse
16,0.091429,0.097143,0,0,NA,NA,NA,10N_Bipartite_Sparse,10,Sparse
17,0.097143,0.102857,0,0,NA,NA,NA,10N_Bipartite_Sparse,10,Sparse
18,0.102857,0.108571,0,0,NA,NA,NA,10N_Bipartite_Sparse,10,Sparse
19,0.108571,0.114286,884,808,91.402715,0.111111,0.993589,10N_Bipartite_Sparse,10,Sparse
20,0.114286,0.120000,0,0,NA,NA,NA,10N_Bipartite_Sparse,10,Sparse
21,0.120000,0.125714,0,0,NA,NA,NA,10N_Bipartite_Sparse,10,Sparse
22,0.125714,0.131429,0,0,NA,NA,NA,10N_Bipartite_Sparse,10,Sparse
23,0.131429,0.137143,1287,1064,82.672883,0.133333,0.987046,10N_Bipartite_Sparse,10,Sparse
24,0.137143,0.142857,0,0,NA,NA,NA,10N_Bipartite_Sparse,10,Sparse
25,0.142857,0.148571,0,0,NA,NA,NA,10N_Bipartite_Sparse,10,Sparse
26,0.148571,0.154286,0,0,NA,NA,NA,10N_Bipartite_Sparse,10,Sparse
27,0.154286,0.160000,1495,1025,68.561873,0.155556,0.978245,10N_Bipartite_Sparse,10,Sparse
28,0.160000,0.165714,0,0,NA,NA,NA,10N_Bipartite_Sparse,10,Sparse
29,0.165714,0.171429,0,0,NA,NA,NA,10N_Bipartite_Sparse,10,Sparse
30,0.171429,0.177143,0,0,NA,NA,NA,10N_Bipartite_Sparse,10,Sparse
31,0.177143,0.182857,1546,812,52.522639,0.177778,0.968534,10N_Bipartite_Sparse,10,Sparse
32,0.182857,0.188571,0,0,NA,NA,NA,10N_Bipartite_Sparse,10,Sparse
33,0.188571,0.194286,0,0,NA,NA,NA,10N_Bipartite_Sparse,10,Sparse
34,0.194286,0.200000,0,0,NA,NA,NA,10N_Bipartite_Sparse,10,Sparse
35,0.200000,0.205714,1340,478,35.671642,0.200000,0.954539,10N_Bipartite_Sparse,10,Sparse
36,0.205714,0.211429,0,0,NA,NA,NA,10N_Bipartite_Sparse,10,Sparse
37,0.211429,0.217143,0,0,NA,NA,NA,10N_Bipartite_Sparse,10,Sparse
38,0.217143,0.222857,1048,210,20.038168,0.222222,0.937014,10N_Bipartite_Sparse,10,Sparse
39,0.222857,0.228571,0,0,NA,NA,NA,10N_Bipartite_Sparse,10,Sparse
40,0.228571,0.234286,0,0,NA,NA,NA,10N_Bipartite_Sparse,10,Sparse
41,0.234286,0.240000,0,0,NA,NA,NA,10N_Bipartite_Sparse,10,Sparse
42,0.240000,0.245714,744,68,9.139785,0.244444,0.915580,10N_Bipartite_Sparse,10,Sparse
43,0.245714,0.251429,0,0,NA,NA,NA,10N_Bipartite_Sparse,10,Sparse
44,0.251429,0.257143,0,0,NA,NA,NA,10N_Bipartite_Sparse,10,Sparse
45,0.257143,0.262857,0,0,NA,NA,NA,10N_Bipartite_Sparse,10,Sparse
46,0.262857,0.268571,446,18,4.035874,0.266667,0.894843,10N_Bipartite_Sparse,10,Sparse
47,0.268571,0.274286,0,0,NA,NA,NA,10N_Bipartite_Sparse,10,Sparse
48,0.274286,0.280000,0,0,NA,NA,NA,10N_Bipartite_Sparse,10,Sparse
49,0.280000,0.285714,0,0,NA,NA,NA,10N_Bipartite_Sparse,10,Sparse
50,0.285714,0.291429,233,1,0.429185,0.288889,0.870936,10N_Bipartite_Sparse,10,Sparse
51,0.291429,0.297143,0,0,NA,NA,NA,10N_Bipartite_Sparse,10,Sparse
52,0.297143,0.302857,0,0,NA,NA,NA,10N_Bipartite_Sparse,10,Sparse
53,0.302857,0.308571,0,0,NA,NA,NA,10N_Bipartite_Sparse,10,Sparse
54,0.308571,0.314286,109,1,0.917431,0.311111,0.853425,10N_Bipartite_Sparse,10,Sparse
55,0.314286,0.320000,0,0,NA,NA,NA,10N_Bipartite_Sparse,10,Sparse
56,0.320000,0.325714,0,0,NA,NA,NA,10N_Bipartite_Sparse,10,Sparse
57,0.325714,0.331429,0,0,NA,NA,NA,10N_Bipartite_Sparse,10,Sparse
58,0.331429,0.337143,67,0,0.000000,0.333333,0.813726,10N_Bipartite_Sparse,10,Sparse
59,0.337143,0.342857,0,0,NA,NA,NA,10N_Bipartite_Sparse,10,Sparse
60,0.342857,0.348571,0,0,NA,NA,NA,10N_Bipartite_Sparse,10,Sparse
61,0.348571,0.354286,0,0,NA,NA,NA,10N_Bipartite_Sparse,10,Sparse
62,0.354286,0.360000,15,0,0.000000,0.355556,0.777897,10N_Bipartite_Sparse,10,Sparse
63,0.360000,0.365714,0,0,NA,NA,NA,10N_Bipartite_Sparse,10,Sparse
64,0.365714,0.371429,0,0,NA,NA,NA,10N_Bipartite_Sparse,10,Sparse
65,0.371429,0.377143,0,0,NA,NA,NA,10N_Bipartite_Sparse,10,Sparse
66,0.377143,0.382857,8,0,0.000000,0.377778,0.746699,10N_Bipartite_Sparse,10,Sparse
67,0.382857,0.388571,0,0,NA,NA,NA,10N_Bipartite_Sparse,10,Sparse
68,0.388571,0.394286,0,0,NA,NA,NA,10N_Bipartite_Sparse,10,Sparse
69,0.394286,0.400000,0,0,NA,NA,NA,10N_Bipartite_Sparse,10,Sparse
70,0.400000,0.405714,1,0,0.000000,0.400000,0.760006,10N_Bipartite_Sparse,10,Sparse
71,0.405714,0.411429,0,0,NA,NA,NA,10N_Bipartite_Sparse,10,Sparse
72,0.411429,0.417143,0,0,NA,NA,NA,10N_Bipartite_Sparse,10,Sparse
73,0.417143,0.422857,1,0,0.000000,0.422222,0.710934,10N_Bipartite_Sparse,10,Sparse
74,0.422857,0.428571,0,0,NA,NA,NA,10N_Bipartite_Sparse,10,Sparse
75,0.428571,0.434286,0,0,NA,NA,NA,10N_Bipartite_Sparse,10,Sparse
76,0.434286,0.440000,0,0,NA,NA,NA,10N_Bipartite_Sparse,10,Sparse
77,0.440000,0.445714,0,0,NA,NA,NA,10N_Bipartite_Sparse,10,Sparse
78,0.445714,0.451429,0,0,NA,NA,NA,10N_Bipartite_Sparse,10,Sparse
79,0.451429,0.457143,0,0,NA,NA,NA,10N_Bipartite_Sparse,10,Sparse
80,0.457143,0.462857,0,0,NA,NA,NA,10N_Bipartite_Sparse,10,Sparse
81,0.462857,0.468571,0,0,NA,NA,NA,10N_Bipartite_Sparse,10,Sparse
82,0.468571,0.474286,0,0,NA,NA,NA,10N_Bipartite_Sparse,10,Sparse
83,0.474286,0.480000,0,0,NA,NA,NA,10N_Bipartite_Sparse,10,Sparse
84,0.480000,0.485714,0,0,NA,NA,NA,10N_Bipartite_Sparse,10,Sparse
85,0.485714,0.491429,0,0,NA,NA,NA,10N_Bipartite_Sparse,10,Sparse
86,0.491429,0.497143,0,0,NA,NA,NA,10N_Bipartite_Sparse,10,Sparse
87,0.497143,0.502857,0,0,NA,NA,NA,10N_Bipartite_Sparse,10,Sparse
88,0.502857,0.508571,0,0,NA,NA,NA,10N_Bipartite_Sparse,10,Sparse
89,0.508571,0.514286,0,0,NA,NA,NA,10N_Bipartite_Sparse,10,Sparse
90,0.514286,0.520000,0,0,NA,NA,NA,10N_Bipartite_Sparse,10,Sparse
91,0.520000,0.525714,0,0,NA,NA,NA,10N_Bipartite_Sparse,10,Sparse
92,0.525714,0.531429,0,0,NA,NA,NA,10N_Bipartite_Sparse,10,Sparse
93,0.531429,0.537143,0,0,NA,NA,NA,10N_Bipartite_Sparse,10,Sparse
94,0.537143,0.542857,0,0,NA,NA,NA,10N_Bipartite_Sparse,10,Sparse
95,0.542857,0.548571,0,0,NA,NA,NA,10N_Bipartite_Sparse,10,Sparse
96,0.548571,0.554286,0,0,NA,NA,NA,10N_Bipartite_Sparse,10,Sparse
97,0.554286,0.560000,0,0,NA,NA,NA,10N_Bipartite_Sparse,10,Sparse
98,0.560000,0.565714,0,0,NA,NA,NA,10N_Bipartite_Sparse,10,Sparse
99,0.565714,0.571429,0,0,NA,NA,NA,10N_Bipartite_Sparse,10,Sparse
0,0.000000,0.005714,0,0,NA,NA,NA,14N_Bipartite_Dense,14,Dense
1,0.005714,0.011429,0,0,NA,NA,NA,14N_Bipartite_Dense,14,Dense
2,0.011429,0.017143,0,0,NA,NA,NA,14N_Bipartite_Dense,14,Dense
3,0.017143,0.022857,0,0,NA,NA,NA,14N_Bipartite_Dense,14,Dense
4,0.022857,0.028571,0,0,NA,NA,NA,14N_Bipartite_Dense,14,Dense
5,0.028571,0.034286,0,0,NA,NA,NA,14N_Bipartite_Dense,14,Dense
6,0.034286,0.040000,0,0,NA,NA,NA,14N_Bipartite_Dense,14,Dense
7,0.040000,0.045714,0,0,NA,NA,NA,14N_Bipartite_Dense,14,Dense
8,0.045714,0.051429,0,0,NA,NA,NA,14N_Bipartite_Dense,14,Dense
9,0.051429,0.057143,0,0,NA,NA,NA,14N_Bipartite_Dense,14,Dense
10,0.057143,0.062857,0,0,NA,NA,NA,14N_Bipartite_Dense,14,Dense
11,0.062857,0.068571,0,0,NA,NA,NA,14N_Bipartite_Dense,14,Dense
12,0.068571,0.074286,0,0,NA,NA,NA,14N_Bipartite_Dense,14,Dense
13,0.074286,0.080000,0,0,NA,NA,NA,14N_Bipartite_Dense,14,Dense
14,0.080000,0.085714,0,0,NA,NA,NA,14N_Bipartite_Dense,14,Dense
15,0.085714,0.091429,0,0,NA,NA,NA,14N_Bipartite_Dense,14,Dense
16,0.091429,0.097143,0,0,NA,NA,NA,14N_Bipartite_Dense,14,Dense
17,0.097143,0.102857,0,0,NA,NA,NA,14N_Bipartite_Dense,14,Dense
18,0.102857,0.108571,0,0,NA,NA,NA,14N_Bipartite_Dense,14,Dense
19,0.108571,0.114286,0,0,NA,NA,NA,14N_Bipartite_Dense,14,Dense
20,0.114286,0.120000,0,0,NA,NA,NA,14N_Bipartite_Dense,14,Dense
21,0.120000,0.125714,0,0,NA,NA,NA,14N_Bipartite_Dense,14,Dense
22,0.125714,0.131429,0,0,NA,NA,NA,14N_Bipartite_Dense,14,Dense
23,0.131429,0.137143,0,0,NA,NA,NA,14N_Bipartite_Dense,14,Dense
24,0.137143,0.142857,0,0,NA,NA,NA,14N_Bipartite_Dense,14,Dense
25,0.142857,0.148571,0,0,NA,NA,NA,14N_Bipartite_Dense,14,Dense
26,0.148571,0.154286,0,0,NA,NA,NA,14N_Bipartite_Dense,14,Dense
27,0.154286,0.160000,0,0,NA,NA,NA,14N_Bipartite_Dense,14,Dense
28,0.160000,0.165714,1,0,0.000000,0.164835,0.859656,14N_Bipartite_Dense,14,Dense
29,0.165714,0.171429,0,0,NA,NA,NA,14N_Bipartite_Dense,14,Dense
30,0.171429,0.177143,0,0,NA,NA,NA,14N_Bipartite_Dense,14,Dense
31,0.177143,0.182857,0,0,NA,NA,NA,14N_Bipartite_Dense,14,Dense
32,0.182857,0.188571,1,0,0.000000,0.186813,0.913664,14N_Bipartite_Dense,14,Dense
33,0.188571,0.194286,0,0,NA,NA,NA,14N_Bipartite_Dense,14,Dense
34,0.194286,0.200000,0,0,NA,NA,NA,14N_Bipartite_Dense,14,Dense
35,0.200000,0.205714,0,0,NA,NA,NA,14N_Bipartite_Dense,14,Dense
36,0.205714,0.211429,2,0,0.000000,0.208791,0.854609,14N_Bipartite_Dense,14,Dense
37,0.211429,0.217143,0,0,NA,NA,NA,14N_Bipartite_Dense,14,Dense
38,0.217143,0.222857,5,0,0.000000,0.219780,0.850072,14N_Bipartite_Dense,14,Dense
39,0.222857,0.228571,0,0,NA,NA,NA,14N_Bipartite_Dense,14,Dense
40,0.228571,0.234286,13,0,0.000000,0.230769,0.842590,14N_Bipartite_Dense,14,Dense
41,0.234286,0.240000,0,0,NA,NA,NA,14N_Bipartite_Dense,14,Dense
42,0.240000,0.245714,27,0,0.000000,0.241758,0.830462,14N_Bipartite_Dense,14,Dense
43,0.245714,0.251429,0,0,NA,NA,NA,14N_Bipartite_Dense,14,Dense
44,0.251429,0.257143,49,0,0.000000,0.252747,0.813507,14N_Bipartite_Dense,14,Dense
45,0.257143,0.262857,0,0,NA,NA,NA,14N_Bipartite_Dense,14,Dense
46,0.262857,0.268571,92,0,0.000000,0.263736,0.807619,14N_Bipartite_Dense,14,Dense
47,0.268571,0.274286,0,0,NA,NA,NA,14N_Bipartite_Dense,14,Dense
48,0.274286,0.280000,122,0,0.000000,0.274725,0.779353,14N_Bipartite_Dense,14,Dense
49,0.280000,0.285714,0,0,NA,NA,NA,14N_Bipartite_Dense,14,Dense
50,0.285714,0.291429,188,0,0.000000,0.285714,0.762022,14N_Bipartite_Dense,14,Dense
51,0.291429,0.297143,269,0,0.000000,0.296703,0.740878,14N_Bipartite_Dense,14,Dense
52,0.297143,0.302857,0,0,NA,NA,NA,14N_Bipartite_Dense,14,Dense
53,0.302857,0.308571,397,0,0.000000,0.307692,0.729749,14N_Bipartite_Dense,14,Dense
54,0.308571,0.314286,0,0,NA,NA,NA,14N_Bipartite_Dense,14,Dense
55,0.314286,0.320000,514,0,0.000000,0.318681,0.708191,14N_Bipartite_Dense,14,Dense
56,0.320000,0.325714,0,0,NA,NA,NA,14N_Bipartite_Dense,14,Dense
57,0.325714,0.331429,636,0,0.000000,0.329670,0.690987,14N_Bipartite_Dense,14,Dense
58,0.331429,0.337143,0,0,NA,NA,NA,14N_Bipartite_Dense,14,Dense
59,0.337143,0.342857,746,0,0.000000,0.340659,0.677820,14N_Bipartite_Dense,14,Dense
60,0.342857,0.348571,0,0,NA,NA,NA,14N_Bipartite_Dense,14,Dense
61,0.348571,0.354286,768,0,0.000000,0.351648,0.663975,14N_Bipartite_Dense,14,Dense
62,0.354286,0.360000,0,0,NA,NA,NA,14N_Bipartite_Dense,14,Dense
63,0.360000,0.365714,870,0,0.000000,0.362637,0.646791,14N_Bipartite_Dense,14,Dense
64,0.365714,0.371429,0,0,NA,NA,NA,14N_Bipartite_Dense,14,Dense
65,0.371429,0.377143,842,0,0.000000,0.373626,0.635249,14N_Bipartite_Dense,14,Dense
66,0.377143,0.382857,0,0,NA,NA,NA,14N_Bipartite_Dense,14,Dense
67,0.382857,0.388571,833,0,0.000000,0.384615,0.623486,14N_Bipartite_Dense,14,Dense
68,0.388571,0.394286,0,0,NA,NA,NA,14N_Bipartite_Dense,14,Dense
69,0.394286,0.400000,772,0,0.000000,0.395604,0.610426,14N_Bipartite_Dense,14,Dense
70,0.400000,0.405714,0,0,NA,NA,NA,14N_Bipartite_Dense,14,Dense
71,0.405714,0.411429,684,0,0.000000,0.406593,0.600069,14N_Bipartite_Dense,14,Dense
72,0.411429,0.417143,0,0,NA,NA,NA,14N_Bipartite_Dense,14,Dense
73,0.417143,0.422857,597,0,0.000000,0.417582,0.590004,14N_Bipartite_Dense,14,Dense
74,0.422857,0.428571,0,0,NA,NA,NA,14N_Bipartite_Dense,14,Dense
75,0.428571,0.434286,454,0,0.000000,0.428571,0.579587,14N_Bipartite_Dense,14,Dense
76,0.434286,0.440000,367,0,0.000000,0.439560,0.572949,14N_Bipartite_Dense,14,Dense
77,0.440000,0.445714,0,0,NA,NA,NA,14N_Bipartite_Dense,14,Dense
78,0.445714,0.451429,274,0,0.000000,0.450549,0.564093,14N_Bipartite_Dense,14,Dense
79,0.451429,0.457143,0,0,NA,NA,NA,14N_Bipartite_Dense,14,Dense
80,0.457143,0.462857,164,0,0.000000,0.461538,0.557942,14N_Bipartite_Dense,14,Dense
81,0.462857,0.468571,0,0,NA,NA,NA,14N_Bipartite_Dense,14,Dense
82,0.468571,0.474286,114,0,0.000000,0.472527,0.552230,14N_Bipartite_Dense,14,Dense
83,0.474286,0.480000,0,0,NA,NA,NA,14N_Bipartite_Dense,14,Dense
84,0.480000,0.485714,76,0,0.000000,0.483516,0.546364,14N_Bipartite_Dense,14,Dense
85,0.485714,0.491429,0,0,NA,NA,NA,14N_Bipartite_Dense,14,Dense
86,0.491429,0.497143,54,0,0.000000,0.494505,0.539770,14N_Bipartite_Dense,14,Dense
87,0.497143,0.502857,0,0,NA,NA,NA,14N_Bipartite_Dense,14,Dense
88,0.502857,0.508571,32,0,0.000000,0.505495,0.536382,14N_Bipartite_Dense,14,Dense
89,0.508571,0.514286,0,0,NA,NA,NA,14N_Bipartite_Dense,14,Dense
90,0.514286,0.520000,21,0,0.000000,0.516484,0.532614,14N_Bipartite_Dense,14,Dense
91,0.520000,0.525714,0,0,NA,NA,NA,14N_Bipartite_Dense,14,Dense
92,0.525714,0.531429,8,0,0.000000,0.527473,0.527423,14N_Bipartite_Dense,14,Dense
93,0.531429,0.537143,0,0,NA,NA,NA,14N_Bipartite_Dense,14,Dense
94,0.537143,0.542857,6,0,0.000000,0.538462,0.525872,14N_Bipartite_Dense,14,Dense
95,0.542857,0.548571,0,0,NA,NA,NA,14N_Bipartite_Dense,14,Dense
96,0.548571,0.554286,1,0,0.000000,0.549451,0.526054,14N_Bipartite_Dense,14,Dense
97,0.554286,0.560000,0,0,NA,NA,NA,14N_Bipartite_Dense,14,Dense
98,0.560000,0.565714,1,0,0.000000,0.560440,0.514550,14N_Bipartite_Dense,14,Dense
99,0.565714,0.571429,0,0,NA,NA,NA,14N_Bipartite_Dense,14,Dense
0,0.000000,0.005714,0,0,NA,NA,NA,14N_Bipartite_Medium,14,Medium
1,0.005714,0.011429,0,0,NA,NA,NA,14N_Bipartite_Medium,14,Medium
2,0.011429,0.017143,0,0,NA,NA,NA,14N_Bipartite_Medium,14,Medium
3,0.017143,0.022857,0,0,NA,NA,NA,14N_Bipartite_Medium,14,Medium
4,0.022857,0.028571,0,0,NA,NA,NA,14N_Bipartite_Medium,14,Medium
5,0.028571,0.034286,0,0,NA,NA,NA,14N_Bipartite_Medium,14,Medium
6,0.034286,0.040000,0,0,NA,NA,NA,14N_Bipartite_Medium,14,Medium
7,0.040000,0.045714,0,0,NA,NA,NA,14N_Bipartite_Medium,14,Medium
8,0.045714,0.051429,0,0,NA,NA,NA,14N_Bipartite_Medium,14,Medium
9,0.051429,0.057143,1,1,100.000000,0.054945,1.000000,14N_Bipartite_Medium,14,Medium
10,0.057143,0.062857,0,0,NA,NA,NA,14N_Bipartite_Medium,14,Medium
11,0.062857,0.068571,0,0,NA,NA,NA,14N_Bipartite_Medium,14,Medium
12,0.068571,0.074286,0,0,NA,NA,NA,14N_Bipartite_Medium,14,Medium
13,0.074286,0.080000,0,0,NA,NA,NA,14N_Bipartite_Medium,14,Medium
14,0.080000,0.085714,0,0,NA,NA,NA,14N_Bipartite_Medium,14,Medium
15,0.085714,0.091429,11,9,81.818182,0.087912,0.994151,14N_Bipartite_Medium,14,Medium
16,0.091429,0.097143,0,0,NA,NA,NA,14N_Bipartite_Medium,14,Medium
17,0.097143,0.102857,30,25,83.333333,0.098901,0.990962,14N_Bipartite_Medium,14,Medium
18,0.102857,0.108571,0,0,NA,NA,NA,14N_Bipartite_Medium,14,Medium
19,0.108571,0.114286,63,39,61.904762,0.109890,0.978164,14N_Bipartite_Medium,14,Medium
20,0.114286,0.120000,0,0,NA,NA,NA,14N_Bipartite_Medium,14,Medium
21,0.120000,0.125714,100,53,53.000000,0.120879,0.975340,14N_Bipartite_Medium,14,Medium
22,0.125714,0.131429,0,0,NA,NA,NA,14N_Bipartite_Medium,14,Medium
23,0.131429,0.137143,199,69,34.673367,0.131868,0.973693,14N_Bipartite_Medium,14,Medium
24,0.137143,0.142857,0,0,NA,NA,NA,14N_Bipartite_Medium,14,Medium
25,0.142857,0.148571,313,78,24.920128,0.142857,0.961255,14N_Bipartite_Medium,14,Medium
26,0.148571,0.154286,494,68,13.765182,0.153846,0.949697,14N_Bipartite_Medium,14,Medium
27,0.154286,0.160000,0,0,NA,NA,NA,14N_Bipartite_Medium,14,Medium
28,0.160000,0.165714,624,40,6.410256,0.164835,0.934470,14N_Bipartite_Medium,14,Medium
29,0.165714,0.171429,0,0,NA,NA,NA,14N_Bipartite_Medium,14,Medium
30,0.171429,0.177143,821,26,3.166870,0.175824,0.922609,14N_Bipartite_Medium,14,Medium
31,0.177143,0.182857,0,0,NA,NA,NA,14N_Bipartite_Medium,14,Medium
32,0.182857,0.188571,931,10,1.074114,0.186813,0.908806,14N_Bipartite_Medium,14,Medium
33,0.188571,0.194286,0,0,NA,NA,NA,14N_Bipartite_Medium,14,Medium
34,0.194286,0.200000,1012,7,0.691700,0.197802,0.899033,14N_Bipartite_Medium,14,Medium
35,0.200000,0.205714,0,0,NA,NA,NA,14N_Bipartite_Medium,14,Medium
36,0.205714,0.211429,1036,4,0.386100,0.208791,0.881981,14N_Bipartite_Medium,14,Medium
37,0.211429,0.217143,0,0,NA,NA,NA,14N_Bipartite_Medium,14,Medium
38,0.217143,0.222857,1015,1,0.098522,0.219780,0.865702,14N_Bipartite_Medium,14,Medium
39,0.222857,0.228571,0,0,NA,NA,NA,14N_Bipartite_Medium,14,Medium
40,0.228571,0.234286,822,0,0.000000,0.230769,0.847706,14N_Bipartite_Medium,14,Medium
41,0.234286,0.240000,0,0,NA,NA,NA,14N_Bipartite_Medium,14,Medium
42,0.240000,0.245714,711,0,0.000000,0.241758,0.832152,14N_Bipartite_Medium,14,Medium
43,0.245714,0.251429,0,0,NA,NA,NA,14N_Bipartite_Medium,14,Medium
44,0.251429,0.257143,574,0,0.000000,0.252747,0.814623,14N_Bipartite_Medium,14,Medium
45,0.257143,0.262857,0,0,NA,NA,NA,14N_Bipartite_Medium,14,Medium
46,0.262857,0.268571,418,0,0.000000,0.263736,0.792818,14N_Bipartite_Medium,14,Medium
47,0.268571,0.274286,0,0,NA,NA,NA,14N_Bipartite_Medium,14,Medium
48,0.274286,0.280000,335,0,0.000000,0.274725,0.778249,14N_Bipartite_Medium,14,Medium
49,0.280000,0.285714,0,0,NA,NA,NA,14N_Bipartite_Medium,14,Medium
50,0.285714,0.291429,208,0,0.000000,0.285714,0.760634,14N_Bipartite_Medium,14,Medium
51,0.291429,0.297143,105,0,0.000000,0.296703,0.740199,14N_Bipartite_Medium,14,Medium
52,0.297143,0.302857,0,0,NA,NA,NA,14N_Bipartite_Medium,14,Medium
53,0.302857,0.308571,74,0,0.000000,0.307692,0.725937,14N_Bipartite_Medium,14,Medium
54,0.308571,0.314286,0,0,NA,NA,NA,14N_Bipartite_Medium,14,Medium
55,0.314286,0.320000,48,0,0.000000,0.318681,0.711154,14N_Bipartite_Medium,14,Medium
56,0.320000,0.325714,0,0,NA,NA,NA,14N_Bipartite_Medium,14,Medium
57,0.325714,0.331429,34,0,0.000000,0.329670,0.702475,14N_Bipartite_Medium,14,Medium
58,0.331429,0.337143,0,0,NA,NA,NA,14N_Bipartite_Medium,14,Medium
59,0.337143,0.342857,11,0,0.000000,0.340659,0.694246,14N_Bipartite_Medium,14,Medium
60,0.342857,0.348571,0,0,NA,NA,NA,14N_Bipartite_Medium,14,Medium
61,0.348571,0.354286,1,0,0.000000,0.351648,0.670494,14N_Bipartite_Medium,14,Medium
62,0.354286,0.360000,0,0,NA,NA,NA,14N_Bipartite_Medium,14,Medium
63,0.360000,0.365714,5,0,0.000000,0.362637,0.628435,14N_Bipartite_Medium,14,Medium
64,0.365714,0.371429,0,0,NA,NA,NA,14N_Bipartite_Medium,14,Medium
65,0.371429,0.377143,1,0,0.000000,0.373626,0.604160,14N_Bipartite_Medium,14,Medium
66,0.377143,0.382857,0,0,NA,NA,NA,14N_Bipartite_Medium,14,Medium
67,0.382857,0.388571,1,0,0.000000,0.384615,0.625285,14N_Bipartite_Medium,14,Medium
68,0.388571,0.394286,0,0,NA,NA,NA,14N_Bipartite_Medium,14,Medium
69,0.394286,0.400000,1,0,0.000000,0.395604,0.614370,14N_Bipartite_Medium,14,Medium
70,0.400000,0.405714,0,0,NA,NA,NA,14N_Bipartite_Medium,14,Medium
71,0.405714,0.411429,1,0,0.000000,0.406593,0.604376,14N_Bipartite_Medium,14,Medium
72,0.411429,0.417143,0,0,NA,NA,NA,14N_Bipartite_Medium,14,Medium
73,0.417143,0.422857,0,0,NA,NA,NA,14N_Bipartite_Medium,14,Medium
74,0.422857,0.428571,0,0,NA,NA,NA,14N_Bipartite_Medium,14,Medium
75,0.428571,0.434286,0,0,NA,NA,NA,14N_Bipartite_Medium,14,Medium
76,0.434286,0.440000,0,0,NA,NA,NA,14N_Bipartite_Medium,14,Medium
77,0.440000,0.445714,0,0,NA,NA,NA,14N_Bipartite_Medium,14,Medium
78,0.445714,0.451429,0,0,NA,NA,NA,14N_Bipartite_Medium,14,Medium
79,0.451429,0.457143,0,0,NA,NA,NA,14N_Bipartite_Medium,14,Medium
80,0.457143,0.462857,0,0,NA,NA,NA,14N_Bipartite_Medium,14,Medium
81,0.462857,0.468571,0,0,NA,NA,NA,14N_Bipartite_Medium,14,Medium
82,0.468571,0.474286,0,0,NA,NA,NA,14N_Bipartite_Medium,14,Medium
83,0.474286,0.480000,0,0,NA,NA,NA,14N_Bipartite_Medium,14,Medium
84,0.480000,0.485714,0,0,NA,NA,NA,14N_Bipartite_Medium,14,Medium
85,0.485714,0.491429,0,0,NA,NA,NA,14N_Bipartite_Medium,14,Medium
86,0.491429,0.497143,0,0,NA,NA,NA,14N_Bipartite_Medium,14,Medium
87,0.497143,0.502857,0,0,NA,NA,NA,14N_Bipartite_Medium,14,Medium
88,0.502857,0.508571,0,0,NA,NA,NA,14N_Bipartite_Medium,14,Medium
89,0.508571,0.514286,0,0,NA,NA,NA,14N_Bipartite_Medium,14,Medium
90,0.514286,0.520000,0,0,NA,NA,NA,14N_Bipartite_Medium,14,Medium
91,0.520000,0.525714,0,0,NA,NA,NA,14N_Bipartite_Medium,14,Medium
92,0.525714,0.531429,0,0,NA,NA,NA,14N_Bipartite_Medium,14,Medium
93,0.531429,0.537143,0,0,NA,NA,NA,14N_Bipartite_Medium,14,Medium
94,0.537143,0.542857,0,0,NA,NA,NA,14N_Bipartite_Medium,14,Medium
95,0.542857,0.548571,0,0,NA,NA,NA,14N_Bipartite_Medium,14,Medium
96,0.548571,0.554286,0,0,NA,NA,NA,14N_Bipartite_Medium,14,Medium
97,0.554286,0.560000,0,0,NA,NA,NA,14N_Bipartite_Medium,14,Medium
98,0.560000,0.565714,0,0,NA,NA,NA,14N_Bipartite_Medium,14,Medium
99,0.565714,0.571429,0,0,NA,NA,NA,14N_Bipartite_Medium,14,Medium
0,0.000000,0.005714,0,0,NA,NA,NA,14N_Bipartite_Sparse,14,Sparse
1,0.005714,0.011429,6,6,100.000000,0.010989,1.000000,14N_Bipartite_Sparse,14,Sparse
2,0.011429,0.017143,0,0,NA,NA,NA,14N_Bipartite_Sparse,14,Sparse
3,0.017143,0.022857,24,24,100.000000,0.021978,1.000000,14N_Bipartite_Sparse,14,Sparse
4,0.022857,0.028571,0,0,NA,NA,NA,14N_Bipartite_Sparse,14,Sparse
5,0.028571,0.034286,81,81,100.000000,0.032967,1.000000,14N_Bipartite_Sparse,14,Sparse
6,0.034286,0.040000,0,0,NA,NA,NA,14N_Bipartite_Sparse,14,Sparse
7,0.040000,0.045714,229,227,99.126638,0.043956,0.999448,14N_Bipartite_Sparse,14,Sparse
8,0.045714,0.051429,0,0,NA,NA,NA,14N_Bipartite_Sparse,14,Sparse
9,0.051429,0.057143,492,469,95.325203,0.054945,0.997100,14N_Bipartite_Sparse,14,Sparse
10,0.057143,0.062857,0,0,NA,NA,NA,14N_Bipartite_Sparse,14,Sparse
11,0.062857,0.068571,692,645,93.208092,0.065934,0.995992,14N_Bipartite_Sparse,14,Sparse
12,0.068571,0.074286,0,0,NA,NA,NA,14N_Bipartite_Sparse,14,Sparse
13,0.074286,0.080000,1052,928,88.212928,0.076923,0.993177,14N_Bipartite_Sparse,14,Sparse
14,0.080000,0.085714,0,0,NA,NA,NA,14N_Bipartite_Sparse,14,Sparse
15,0.085714,0.091429,1306,1082,82.848392,0.087912,0.991768,14N_Bipartite_Sparse,14,Sparse
16,0.091429,0.097143,0,0,NA,NA,NA,14N_Bipartite_Sparse,14,Sparse
17,0.097143,0.102857,1338,977,73.019432,0.098901,0.986853,14N_Bipartite_Sparse,14,Sparse
18,0.102857,0.108571,0,0,NA,NA,NA,14N_Bipartite_Sparse,14,Sparse
19,0.108571,0.114286,1291,753,58.326878,0.109890,0.979387,14N_Bipartite_Sparse,14,Sparse
20,0.114286,0.120000,0,0,NA,NA,NA,14N_Bipartite_Sparse,14,Sparse
21,0.120000,0.125714,1053,462,43.874644,0.120879,0.972940,14N_Bipartite_Sparse,14,Sparse
22,0.125714,0.131429,0,0,NA,NA,NA,14N_Bipartite_Sparse,14,Sparse
23,0.131429,0.137143,826,284,34.382567,0.131868,0.967539,14N_Bipartite_Sparse,14,Sparse
24,0.137143,0.142857,0,0,NA,NA,NA,14N_Bipartite_Sparse,14,Sparse
25,0.142857,0.148571,649,155,23.882897,0.142857,0.958910,14N_Bipartite_Sparse,14,Sparse
26,0.148571,0.154286,414,48,11.594203,0.153846,0.949277,14N_Bipartite_Sparse,14,Sparse
27,0.154286,0.160000,0,0,NA,NA,NA,14N_Bipartite_Sparse,14,Sparse
28,0.160000,0.165714,255,17,6.666667,0.164835,0.933229,14N_Bipartite_Sparse,14,Sparse
29,0.165714,0.171429,0,0,NA,NA,NA,14N_Bipartite_Sparse,14,Sparse
30,0.171429,0.177143,169,4,2.366864,0.175824,0.926326,14N_Bipartite_Sparse,14,Sparse
31,0.177143,0.182857,0,0,NA,NA,NA,14N_Bipartite_Sparse,14,Sparse
32,0.182857,0.188571,76,0,0.000000,0.186813,0.920047,14N_Bipartite_Sparse,14,Sparse
33,0.188571,0.194286,0,0,NA,NA,NA,14N_Bipartite_Sparse,14,Sparse
34,0.194286,0.200000,32,0,0.000000,0.197802,0.903855,14N_Bipartite_Sparse,14,Sparse
35,0.200000,0.205714,0,0,NA,NA,NA,14N_Bipartite_Sparse,14,Sparse
36,0.205714,0.211429,8,0,0.000000,0.208791,0.860697,14N_Bipartite_Sparse,14,Sparse
37,0.211429,0.217143,0,0,NA,NA,NA,14N_Bipartite_Sparse,14,Sparse
38,0.217143,0.222857,4,0,0.000000,0.219780,0.892619,14N_Bipartite_Sparse,14,Sparse
39,0.222857,0.228571,0,0,NA,NA,NA,14N_Bipartite_Sparse,14,Sparse
40,0.228571,0.234286,3,0,0.000000,0.230769,0.857002,14N_Bipartite_Sparse,14,Sparse
41,0.234286,0.240000,0,0,NA,NA,NA,14N_Bipartite_Sparse,14,Sparse
42,0.240000,0.245714,0,0,NA,NA,NA,14N_Bipartite_Sparse,14,Sparse
43,0.245714,0.251429,0,0,NA,NA,NA,14N_Bipartite_Sparse,14,Sparse
44,0.251429,0.257143,0,0,NA,NA,NA,14N_Bipartite_Sparse,14,Sparse
45,0.257143,0.262857,0,0,NA,NA,NA,14N_Bipartite_Sparse,14,Sparse
46,0.262857,0.268571,0,0,NA,NA,NA,14N_Bipartite_Sparse,14,Sparse
47,0.268571,0.274286,0,0,NA,NA,NA,14N_Bipartite_Sparse,14,Sparse
48,0.274286,0.280000,0,0,NA,NA,NA,14N_Bipartite_Sparse,14,Sparse
49,0.280000,0.285714,0,0,NA,NA,NA,14N_Bipartite_Sparse,14,Sparse
50,0.285714,0.291429,0,0,NA,NA,NA,14N_Bipartite_Sparse,14,Sparse
51,0.291429,0.297143,0,0,NA,NA,NA,14N_Bipartite_Sparse,14,Sparse
52,0.297143,0.302857,0,0,NA,NA,NA,14N_Bipartite_Sparse,14,Sparse
53,0.302857,0.308571,0,0,NA,NA,NA,14N_Bipartite_Sparse,14,Sparse
54,0.308571,0.314286,0,0,NA,NA,NA,14N_Bipartite_Sparse,14,Sparse
55,0.314286,0.320000,0,0,NA,NA,NA,14N_Bipartite_Sparse,14,Sparse
56,0.320000,0.325714,0,0,NA,NA,NA,14N_Bipartite_Sparse,14,Sparse
57,0.325714,0.331429,0,0,NA,NA,NA,14N_Bipartite_Sparse,14,Sparse
58,0.331429,0.337143,0,0,NA,NA,NA,14N_Bipartite_Sparse,14,Sparse
59,0.337143,0.342857,0,0,NA,NA,NA,14N_Bipartite_Sparse,14,Sparse
60,0.342857,0.348571,0,0,NA,NA,NA,14N_Bipartite_Sparse,14,Sparse
61,0.348571,0.354286,0,0,NA,NA,NA,14N_Bipartite_Sparse,14,Sparse
62,0.354286,0.360000,0,0,NA,NA,NA,14N_Bipartite_Sparse,14,Sparse
63,0.360000,0.365714,0,0,NA,NA,NA,14N_Bipartite_Sparse,14,Sparse
64,0.365714,0.371429,0,0,NA,NA,NA,14N_Bipartite_Sparse,14,Sparse
65,0.371429,0.377143,0,0,NA,NA,NA,14N_Bipartite_Sparse,14,Sparse
66,0.377143,0.382857,0,0,NA,NA,NA,14N_Bipartite_Sparse,14,Sparse
67,0.382857,0.388571,0,0,NA,NA,NA,14N_Bipartite_Sparse,14,Sparse
68,0.388571,0.394286,0,0,NA,NA,NA,14N_Bipartite_Sparse,14,Sparse
69,0.394286,0.400000,0,0,NA,NA,NA,14N_Bipartite_Sparse,14,Sparse
70,0.400000,0.405714,0,0,NA,NA,NA,14N_Bipartite_Sparse,14,Sparse
71,0.405714,0.411429,0,0,NA,NA,NA,14N_Bipartite_Sparse,14,Sparse
72,0.411429,0.417143,0,0,NA,NA,NA,14N_Bipartite_Sparse,14,Sparse
73,0.417143,0.422857,0,0,NA,NA,NA,14N_Bipartite_Sparse,14,Sparse
74,0.422857,0.428571,0,0,NA,NA,NA,14N_Bipartite_Sparse,14,Sparse
75,0.428571,0.434286,0,0,NA,NA,NA,14N_Bipartite_Sparse,14,Sparse
76,0.434286,0.440000,0,0,NA,NA,NA,14N_Bipartite_Sparse,14,Sparse
77,0.440000,0.445714,0,0,NA,NA,NA,14N_Bipartite_Sparse,14,Sparse
78,0.445714,0.451429,0,0,NA,NA,NA,14N_Bipartite_Sparse,14,Sparse
79,0.451429,0.457143,0,0,NA,NA,NA,14N_Bipartite_Sparse,14,Sparse
80,0.457143,0.462857,0,0,NA,NA,NA,14N_Bipartite_Sparse,14,Sparse
81,0.462857,0.468571,0,0,NA,NA,NA,14N_Bipartite_Sparse,14,Sparse
82,0.468571,0.474286,0,0,NA,NA,NA,14N_Bipartite_Sparse,14,Sparse
83,0.474286,0.480000,0,0,NA,NA,NA,14N_Bipartite_Sparse,14,Sparse
84,0.480000,0.485714,0,0,NA,NA,NA,14N_Bipartite_Sparse,14,Sparse
85,0.485714,0.491429,0,0,NA,NA,NA,14N_Bipartite_Sparse,14,Sparse
86,0.491429,0.497143,0,0,NA,NA,NA,14N_Bipartite_Sparse,14,Sparse
87,0.497143,0.502857,0,0,NA,NA,NA,14N_Bipartite_Sparse,14,Sparse
88,0.502857,0.508571,0,0,NA,NA,NA,14N_Bipartite_Sparse,14,Sparse
89,0.508571,0.514286,0,0,NA,NA,NA,14N_Bipartite_Sparse,14,Sparse
90,0.514286,0.520000,0,0,NA,NA,NA,14N_Bipartite_Sparse,14,Sparse
91,0.520000,0.525714,0,0,NA,NA,NA,14N_Bipartite_Sparse,14,Sparse
92,0.525714,0.531429,0,0,NA,NA,NA,14N_Bipartite_Sparse,14,Sparse
93,0.531429,0.537143,0,0,NA,NA,NA,14N_Bipartite_Sparse,14,Sparse
94,0.537143,0.542857,0,0,NA,NA,NA,14N_Bipartite_Sparse,14,Sparse
95,0.542857,0.548571,0,0,NA,NA,NA,14N_Bipartite_Sparse,14,Sparse
96,0.548571,0.554286,0,0,NA,NA,NA,14N_Bipartite_Sparse,14,Sparse
97,0.554286,0.560000,0,0,NA,NA,NA,14N_Bipartite_Sparse,14,Sparse
98,0.560000,0.565714,0,0,NA,NA,NA,14N_Bipartite_Sparse,14,Sparse
99,0.565714,0.571429,0,0,NA,NA,NA,14N_Bipartite_Sparse,14,Sparse
0,0.000000,0.005714,0,0,NA,NA,NA,18N_Bipartite_Dense,18,Dense
1,0.005714,0.011429,0,0,NA,NA,NA,18N_Bipartite_Dense,18,Dense
2,0.011429,0.017143,0,0,NA,NA,NA,18N_Bipartite_Dense,18,Dense
3,0.017143,0.022857,0,0,NA,NA,NA,18N_Bipartite_Dense,18,Dense
4,0.022857,0.028571,0,0,NA,NA,NA,18N_Bipartite_Dense,18,Dense
5,0.028571,0.034286,0,0,NA,NA,NA,18N_Bipartite_Dense,18,Dense
6,0.034286,0.040000,0,0,NA,NA,NA,18N_Bipartite_Dense,18,Dense
7,0.040000,0.045714,0,0,NA,NA,NA,18N_Bipartite_Dense,18,Dense
8,0.045714,0.051429,0,0,NA,NA,NA,18N_Bipartite_Dense,18,Dense
9,0.051429,0.057143,0,0,NA,NA,NA,18N_Bipartite_Dense,18,Dense
10,0.057143,0.062857,0,0,NA,NA,NA,18N_Bipartite_Dense,18,Dense
11,0.062857,0.068571,0,0,NA,NA,NA,18N_Bipartite_Dense,18,Dense
12,0.068571,0.074286,0,0,NA,NA,NA,18N_Bipartite_Dense,18,Dense
13,0.074286,0.080000,0,0,NA,NA,NA,18N_Bipartite_Dense,18,Dense
14,0.080000,0.085714,0,0,NA,NA,NA,18N_Bipartite_Dense,18,Dense
15,0.085714,0.091429,0,0,NA,NA,NA,18N_Bipartite_Dense,18,Dense
16,0.091429,0.097143,0,0,NA,NA,NA,18N_Bipartite_Dense,18,Dense
17,0.097143,0.102857,0,0,NA,NA,NA,18N_Bipartite_Dense,18,Dense
18,0.102857,0.108571,0,0,NA,NA,NA,18N_Bipartite_Dense,18,Dense
19,0.108571,0.114286,0,0,NA,NA,NA,18N_Bipartite_Dense,18,Dense
20,0.114286,0.120000,0,0,NA,NA,NA,18N_Bipartite_Dense,18,Dense
21,0.120000,0.125714,0,0,NA,NA,NA,18N_Bipartite_Dense,18,Dense
22,0.125714,0.131429,0,0,NA,NA,NA,18N_Bipartite_Dense,18,Dense
23,0.131429,0.137143,0,0,NA,NA,NA,18N_Bipartite_Dense,18,Dense
24,0.137143,0.142857,0,0,NA,NA,NA,18N_Bipartite_Dense,18,Dense
25,0.142857,0.148571,0,0,NA,NA,NA,18N_Bipartite_Dense,18,Dense
26,0.148571,0.154286,0,0,NA,NA,NA,18N_Bipartite_Dense,18,Dense
27,0.154286,0.160000,0,0,NA,NA,NA,18N_Bipartite_Dense,18,Dense
28,0.160000,0.165714,0,0,NA,NA,NA,18N_Bipartite_Dense,18,Dense
29,0.165714,0.171429,0,0,NA,NA,NA,18N_Bipartite_Dense,18,Dense
30,0.171429,0.177143,0,0,NA,NA,NA,18N_Bipartite_Dense,18,Dense
31,0.177143,0.182857,0,0,NA,NA,NA,18N_Bipartite_Dense,18,Dense
32,0.182857,0.188571,0,0,NA,NA,NA,18N_Bipartite_Dense,18,Dense
33,0.188571,0.194286,0,0,NA,NA,NA,18N_Bipartite_Dense,18,Dense
34,0.194286,0.200000,0,0,NA,NA,NA,18N_Bipartite_Dense,18,Dense
35,0.200000,0.205714,0,0,NA,NA,NA,18N_Bipartite_Dense,18,Dense
36,0.205714,0.211429,0,0,NA,NA,NA,18N_Bipartite_Dense,18,Dense
37,0.211429,0.217143,0,0,NA,NA,NA,18N_Bipartite_Dense,18,Dense
38,0.217143,0.222857,3,0,0.000000,0.222222,0.762813,18N_Bipartite_Dense,18,Dense
39,0.222857,0.228571,0,0,NA,NA,NA,18N_Bipartite_Dense,18,Dense
40,0.228571,0.234286,0,0,NA,NA,NA,18N_Bipartite_Dense,18,Dense
41,0.234286,0.240000,2,0,0.000000,0.235294,0.714255,18N_Bipartite_Dense,18,Dense
42,0.240000,0.245714,4,0,0.000000,0.241830,0.730259,18N_Bipartite_Dense,18,Dense
43,0.245714,0.251429,6,0,0.000000,0.248366,0.722720,18N_Bipartite_Dense,18,Dense
44,0.251429,0.257143,7,0,0.000000,0.254902,0.705714,18N_Bipartite_Dense,18,Dense
45,0.257143,0.262857,15,0,0.000000,0.261438,0.701707,18N_Bipartite_Dense,18,Dense
46,0.262857,0.268571,23,0,0.000000,0.267974,0.680977,18N_Bipartite_Dense,18,Dense
47,0.268571,0.274286,0,0,NA,NA,NA,18N_Bipartite_Dense,18,Dense
48,0.274286,0.280000,29,0,0.000000,0.274510,0.668460,18N_Bipartite_Dense,18,Dense
49,0.280000,0.285714,43,0,0.000000,0.281046,0.665197,18N_Bipartite_Dense,18,Dense
50,0.285714,0.291429,69,0,0.000000,0.287582,0.656488,18N_Bipartite_Dense,18,Dense
51,0.291429,0.297143,104,0,0.000000,0.294118,0.648750,18N_Bipartite_Dense,18,Dense
52,0.297143,0.302857,121,0,0.000000,0.300654,0.629024,18N_Bipartite_Dense,18,Dense
53,0.302857,0.308571,180,0,0.000000,0.307190,0.623473,18N_Bipartite_Dense,18,Dense
54,0.308571,0.314286,255,0,0.000000,0.313725,0.617917,18N_Bipartite_Dense,18,Dense
55,0.314286,0.320000,0,0,NA,NA,NA,18N_Bipartite_Dense,18,Dense
56,0.320000,0.325714,325,0,0.000000,0.320261,0.608300,18N_Bipartite_Dense,18,Dense
57,0.325714,0.331429,368,0,0.000000,0.326797,0.601609,18N_Bipartite_Dense,18,Dense
58,0.331429,0.337143,447,0,0.000000,0.333333,0.592775,18N_Bipartite_Dense,18,Dense
59,0.337143,0.342857,517,0,0.000000,0.339869,0.586248,18N_Bipartite_Dense,18,Dense
60,0.342857,0.348571,594,0,0.000000,0.346405,0.579913,18N_Bipartite_Dense,18,Dense
61,0.348571,0.354286,595,0,0.000000,0.352941,0.572419,18N_Bipartite_Dense,18,Dense
62,0.354286,0.360000,652,0,0.000000,0.359477,0.567815,18N_Bipartite_Dense,18,Dense
63,0.360000,0.365714,0,0,NA,NA,NA,18N_Bipartite_Dense,18,Dense
64,0.365714,0.371429,622,0,0.000000,0.366013,0.562065,18N_Bipartite_Dense,18,Dense
65,0.371429,0.377143,647,0,0.000000,0.372549,0.558048,18N_Bipartite_Dense,18,Dense
66,0.377143,0.382857,677,0,0.000000,0.379085,0.552628,18N_Bipartite_Dense,18,Dense
67,0.382857,0.388571,641,0,0.000000,0.385621,0.548493,18N_Bipartite_Dense,18,Dense
68,0.388571,0.394286,554,0,0.000000,0.392157,0.545013,18N_Bipartite_Dense,18,Dense
69,0.394286,0.400000,494,0,0.000000,0.398693,0.540684,18N_Bipartite_Dense,18,Dense
70,0.400000,0.405714,447,0,0.000000,0.405229,0.537311,18N_Bipartite_Dense,18,Dense
71,0.405714,0.411429,0,0,NA,NA,NA,18N_Bipartite_Dense,18,Dense
72,0.411429,0.417143,344,0,0.000000,0.411765,0.533957,18N_Bipartite_Dense,18,Dense
73,0.417143,0.422857,301,0,0.000000,0.418301,0.531129,18N_Bipartite_Dense,18,Dense
74,0.422857,0.428571,235,0,0.000000,0.424837,0.528840,18N_Bipartite_Dense,18,Dense
75,0.428571,0.434286,195,0,0.000000,0.431373,0.525865,18N_Bipartite_Dense,18,Dense
76,0.434286,0.440000,152,0,0.000000,0.437908,0.523354,18N_Bipartite_Dense,18,Dense
77,0.440000,0.445714,94,0,0.000000,0.444444,0.521869,18N_Bipartite_Dense,18,Dense
78,0.445714,0.451429,67,0,0.000000,0.450980,0.519081,18N_Bipartite_Dense,18,Dense
79,0.451429,0.457143,0,0,NA,NA,NA,18N_Bipartite_Dense,18,Dense
80,0.457143,0.462857,55,0,0.000000,0.457516,0.517622,18N_Bipartite_Dense,18,Dense
81,0.462857,0.468571,39,0,0.000000,0.464052,0.515840,18N_Bipartite_Dense,18,Dense
82,0.468571,0.474286,29,0,0.000000,0.470588,0.514232,18N_Bipartite_Dense,18,Dense
83,0.474286,0.480000,26,0,0.000000,0.477124,0.513181,18N_Bipartite_Dense,18,Dense
84,0.480000,0.485714,6,0,0.000000,0.483660,0.511501,18N_Bipartite_Dense,18,Dense
85,0.485714,0.491429,7,0,0.000000,0.490196,0.511792,18N_Bipartite_Dense,18,Dense
86,0.491429,0.497143,3,0,0.000000,0.496732,0.509515,18N_Bipartite_Dense,18,Dense
87,0.497143,0.502857,0,0,NA,NA,NA,18N_Bipartite_Dense,18,Dense
88,0.502857,0.508571,4,0,0.000000,0.503268,0.508833,18N_Bipartite_Dense,18,Dense
89,0.508571,0.514286,1,0,0.000000,0.509804,0.507663,18N_Bipartite_Dense,18,Dense
90,0.514286,0.520000,1,0,0.000000,0.516340,0.506936,18N_Bipartite_Dense,18,Dense
91,0.520000,0.525714,0,0,NA,NA,NA,18N_Bipartite_Dense,18,Dense
92,0.525714,0.531429,0,0,NA,NA,NA,18N_Bipartite_Dense,18,Dense
93,0.531429,0.537143,0,0,NA,NA,NA,18N_Bipartite_Dense,18,Dense
94,0.537143,0.542857,0,0,NA,NA,NA,18N_Bipartite_Dense,18,Dense
95,0.542857,0.548571,0,0,NA,NA,NA,18N_Bipartite_Dense,18,Dense
96,0.548571,0.554286,0,0,NA,NA,NA,18N_Bipartite_Dense,18,Dense
97,0.554286,0.560000,0,0,NA,NA,NA,18N_Bipartite_Dense,18,Dense
98,0.560000,0.565714,0,0,NA,NA,NA,18N_Bipartite_Dense,18,Dense
99,0.565714,0.571429,0,0,NA,NA,NA,18N_Bipartite_Dense,18,Dense
0,0.000000,0.005714,0,0,NA,NA,NA,18N_Bipartite_Medium,18,Medium
1,0.005714,0.011429,0,0,NA,NA,NA,18N_Bipartite_Medium,18,Medium
2,0.011429,0.017143,0,0,NA,NA,NA,18N_Bipartite_Medium,18,Medium
3,0.017143,0.022857,0,0,NA,NA,NA,18N_Bipartite_Medium,18,Medium
4,0.022857,0.028571,0,0,NA,NA,NA,18N_Bipartite_Medium,18,Medium
5,0.028571,0.034286,0,0,NA,NA,NA,18N_Bipartite_Medium,18,Medium
6,0.034286,0.040000,0,0,NA,NA,NA,18N_Bipartite_Medium,18,Medium
7,0.040000,0.045714,0,0,NA,NA,NA,18N_Bipartite_Medium,18,Medium
8,0.045714,0.051429,0,0,NA,NA,NA,18N_Bipartite_Medium,18,Medium
9,0.051429,0.057143,0,0,NA,NA,NA,18N_Bipartite_Medium,18,Medium
10,0.057143,0.062857,0,0,NA,NA,NA,18N_Bipartite_Medium,18,Medium
11,0.062857,0.068571,0,0,NA,NA,NA,18N_Bipartite_Medium,18,Medium
12,0.068571,0.074286,0,0,NA,NA,NA,18N_Bipartite_Medium,18,Medium
13,0.074286,0.080000,0,0,NA,NA,NA,18N_Bipartite_Medium,18,Medium
14,0.080000,0.085714,0,0,NA,NA,NA,18N_Bipartite_Medium,18,Medium
15,0.085714,0.091429,0,0,NA,NA,NA,18N_Bipartite_Medium,18,Medium
16,0.091429,0.097143,4,3,75.000000,0.091503,0.987762,18N_Bipartite_Medium,18,Medium
17,0.097143,0.102857,5,2,40.000000,0.098039,0.973883,18N_Bipartite_Medium,18,Medium
18,0.102857,0.108571,10,3,30.000000,0.104575,0.989523,18N_Bipartite_Medium,18,Medium
19,0.108571,0.114286,12,1,8.333333,0.111111,0.962164,18N_Bipartite_Medium,18,Medium
20,0.114286,0.120000,34,1,2.941176,0.117647,0.954898,18N_Bipartite_Medium,18,Medium
21,0.120000,0.125714,56,4,7.142857,0.124183,0.948512,18N_Bipartite_Medium,18,Medium
22,0.125714,0.131429,109,6,5.504587,0.130719,0.936592,18N_Bipartite_Medium,18,Medium
23,0.131429,0.137143,0,0,NA,NA,NA,18N_Bipartite_Medium,18,Medium
24,0.137143,0.142857,150,2,1.333333,0.137255,0.927794,18N_Bipartite_Medium,18,Medium
25,0.142857,0.148571,231,0,0.000000,0.143791,0.928268,18N_Bipartite_Medium,18,Medium
26,0.148571,0.154286,295,1,0.338983,0.150327,0.911219,18N_Bipartite_Medium,18,Medium
27,0.154286,0.160000,417,1,0.239808,0.156863,0.904770,18N_Bipartite_Medium,18,Medium
28,0.160000,0.165714,463,0,0.000000,0.163399,0.894725,18N_Bipartite_Medium,18,Medium
29,0.165714,0.171429,582,0,0.000000,0.169935,0.882777,18N_Bipartite_Medium,18,Medium
30,0.171429,0.177143,679,0,0.000000,0.176471,0.868676,18N_Bipartite_Medium,18,Medium
31,0.177143,0.182857,0,0,NA,NA,NA,18N_Bipartite_Medium,18,Medium
32,0.182857,0.188571,734,0,0.000000,0.183007,0.858368,18N_Bipartite_Medium,18,Medium
33,0.188571,0.194286,787,0,0.000000,0.189542,0.846969,18N_Bipartite_Medium,18,Medium
34,0.194286,0.200000,861,0,0.000000,0.196078,0.829657,18N_Bipartite_Medium,18,Medium
35,0.200000,0.205714,797,0,0.000000,0.202614,0.819427,18N_Bipartite_Medium,18,Medium
36,0.205714,0.211429,729,0,0.000000,0.209150,0.807774,18N_Bipartite_Medium,18,Medium
37,0.211429,0.217143,662,0,0.000000,0.215686,0.793019,18N_Bipartite_Medium,18,Medium
38,0.217143,0.222857,578,0,0.000000,0.222222,0.777585,18N_Bipartite_Medium,18,Medium
39,0.222857,0.228571,0,0,NA,NA,NA,18N_Bipartite_Medium,18,Medium
40,0.228571,0.234286,473,0,0.000000,0.228758,0.762295,18N_Bipartite_Medium,18,Medium
41,0.234286,0.240000,354,0,0.000000,0.235294,0.754717,18N_Bipartite_Medium,18,Medium
42,0.240000,0.245714,310,0,0.000000,0.241830,0.740485,18N_Bipartite_Medium,18,Medium
43,0.245714,0.251429,182,0,0.000000,0.248366,0.725367,18N_Bipartite_Medium,18,Medium
44,0.251429,0.257143,167,0,0.000000,0.254902,0.711039,18N_Bipartite_Medium,18,Medium
45,0.257143,0.262857,118,0,0.000000,0.261438,0.702621,18N_Bipartite_Medium,18,Medium
46,0.262857,0.268571,77,0,0.000000,0.267974,0.686972,18N_Bipartite_Medium,18,Medium
47,0.268571,0.274286,0,0,NA,NA,NA,18N_Bipartite_Medium,18,Medium
48,0.274286,0.280000,45,0,0.000000,0.274510,0.677967,18N_Bipartite_Medium,18,Medium
49,0.280000,0.285714,37,0,0.000000,0.281046,0.663318,18N_Bipartite_Medium,18,Medium
50,0.285714,0.291429,20,0,0.000000,0.287582,0.655292,18N_Bipartite_Medium,18,Medium
51,0.291429,0.297143,10,0,0.000000,0.294118,0.651862,18N_Bipartite_Medium,18,Medium
52,0.297143,0.302857,5,0,0.000000,0.300654,0.610985,18N_Bipartite_Medium,18,Medium
53,0.302857,0.308571,4,0,0.000000,0.307190,0.637591,18N_Bipartite_Medium,18,Medium
54,0.308571,0.314286,1,0,0.000000,0.313725,0.635149,18N_Bipartite_Medium,18,Medium
55,0.314286,0.320000,0,0,NA,NA,NA,18N_Bipartite_Medium,18,Medium
56,0.320000,0.325714,0,0,NA,NA,NA,18N_Bipartite_Medium,18,Medium
57,0.325714,0.331429,0,0,NA,NA,NA,18N_Bipartite_Medium,18,Medium
58,0.331429,0.337143,2,0,0.000000,0.333333,0.610766,18N_Bipartite_Medium,18,Medium
59,0.337143,0.342857,0,0,NA,NA,NA,18N_Bipartite_Medium,18,Medium
60,0.342857,0.348571,0,0,NA,NA,NA,18N_Bipartite_Medium,18,Medium
61,0.348571,0.354286,0,0,NA,NA,NA,18N_Bipartite_Medium,18,Medium
62,0.354286,0.360000,0,0,NA,NA,NA,18N_Bipartite_Medium,18,Medium
63,0.360000,0.365714,0,0,NA,NA,NA,18N_Bipartite_Medium,18,Medium
64,0.365714,0.371429,0,0,NA,NA,NA,18N_Bipartite_Medium,18,Medium
65,0.371429,0.377143,0,0,NA,NA,NA,18N_Bipartite_Medium,18,Medium
66,0.377143,0.382857,0,0,NA,NA,NA,18N_Bipartite_Medium,18,Medium
67,0.382857,0.388571,0,0,NA,NA,NA,18N_Bipartite_Medium,18,Medium
68,0.388571,0.394286,0,0,NA,NA,NA,18N_Bipartite_Medium,18,Medium
69,0.394286,0.400000,0,0,NA,NA,NA,18N_Bipartite_Medium,18,Medium
70,0.400000,0.405714,0,0,NA,NA,NA,18N_Bipartite_Medium,18,Medium
71,0.405714,0.411429,0,0,NA,NA,NA,18N_Bipartite_Medium,18,Medium
72,0.411429,0.417143,0,0,NA,NA,NA,18N_Bipartite_Medium,18,Medium
73,0.417143,0.422857,0,0,NA,NA,NA,18N_Bipartite_Medium,18,Medium
74,0.422857,0.428571,0,0,NA,NA,NA,18N_Bipartite_Medium,18,Medium
75,0.428571,0.434286,0,0,NA,NA,NA,18N_Bipartite_Medium,18,Medium
76,0.434286,0.440000,0,0,NA,NA,NA,18N_Bipartite_Medium,18,Medium
77,0.440000,0.445714,0,0,NA,NA,NA,18N_Bipartite_Medium,18,Medium
78,0.445714,0.451429,0,0,NA,NA,NA,18N_Bipartite_Medium,18,Medium
79,0.451429,0.457143,0,0,NA,NA,NA,18N_Bipartite_Medium,18,Medium
80,0.457143,0.462857,0,0,NA,NA,NA,18N_Bipartite_Medium,18,Medium
81,0.462857,0.468571,0,0,NA,NA,NA,18N_Bipartite_Medium,18,Medium
82,0.468571,0.474286,0,0,NA,NA,NA,18N_Bipartite_Medium,18,Medium
83,0.474286,0.480000,0,0,NA,NA,NA,18N_Bipartite_Medium,18,Medium
84,0.480000,0.485714,0,0,NA,NA,NA,18N_Bipartite_Medium,18,Medium
85,0.485714,0.491429,0,0,NA,NA,NA,18N_Bipartite_Medium,18,Medium
86,0.491429,0.497143,0,0,NA,NA,NA,18N_Bipartite_Medium,18,Medium
87,0.497143,0.502857,0,0,NA,NA,NA,18N_Bipartite_Medium,18,Medium
88,0.502857,0.508571,0,0,NA,NA,NA,18N_Bipartite_Medium,18,Medium
89,0.508571,0.514286,0,0,NA,NA,NA,18N_Bipartite_Medium,18,Medium
90,0.514286,0.520000,0,0,NA,NA,NA,18N_Bipartite_Medium,18,Medium
91,0.520000,0.525714,0,0,NA,NA,NA,18N_Bipartite_Medium,18,Medium
92,0.525714,0.531429,0,0,NA,NA,NA,18N_Bipartite_Medium,18,Medium
93,0.531429,0.537143,0,0,NA,NA,NA,18N_Bipartite_Medium,18,Medium
94,0.537143,0.542857,0,0,NA,NA,NA,18N_Bipartite_Medium,18,Medium
95,0.542857,0.548571,0,0,NA,NA,NA,18N_Bipartite_Medium,18,Medium
96,0.548571,0.554286,0,0,NA,NA,NA,18N_Bipartite_Medium,18,Medium
97,0.554286,0.560000,0,0,NA,NA,NA,18N_Bipartite_Medium,18,Medium
98,0.560000,0.565714,0,0,NA,NA,NA,18N_Bipartite_Medium,18,Medium
99,0.565714,0.571429,0,0,NA,NA,NA,18N_Bipartite_Medium,18,Medium
0,0.000000,0.005714,0,0,NA,NA,NA,18N_Bipartite_Sparse,18,Sparse
1,0.005714,0.011429,1,1,100.000000,0.006536,1.000000,18N_Bipartite_Sparse,18,Sparse
2,0.011429,0.017143,1,1,100.000000,0.013072,1.000000,18N_Bipartite_Sparse,18,Sparse
3,0.017143,0.022857,20,20,100.000000,0.019608,1.000000,18N_Bipartite_Sparse,18,Sparse
4,0.022857,0.028571,60,60,100.000000,0.026144,1.000000,18N_Bipartite_Sparse,18,Sparse
5,0.028571,0.034286,157,154,98.089172,0.032680,0.998982,18N_Bipartite_Sparse,18,Sparse
6,0.034286,0.040000,311,302,97.106109,0.039216,0.998496,18N_Bipartite_Sparse,18,Sparse
7,0.040000,0.045714,0,0,NA,NA,NA,18N_Bipartite_Sparse,18,Sparse
8,0.045714,0.051429,500,476,95.200000,0.045752,0.997843,18N_Bipartite_Sparse,18,Sparse
9,0.051429,0.057143,739,678,91.745602,0.052288,0.996523,18N_Bipartite_Sparse,18,Sparse
10,0.057143,0.062857,998,876,87.775551,0.058824,0.994821,18N_Bipartite_Sparse,18,Sparse
11,0.062857,0.068571,1176,952,80.952381,0.065359,0.992368,18N_Bipartite_Sparse,18,Sparse
12,0.068571,0.074286,1236,902,72.977346,0.071895,0.989378,18N_Bipartite_Sparse,18,Sparse
13,0.074286,0.080000,1198,760,63.439065,0.078431,0.986016,18N_Bipartite_Sparse,18,Sparse
14,0.080000,0.085714,1009,554,54.905847,0.084967,0.983056,18N_Bipartite_Sparse,18,Sparse
15,0.085714,0.091429,0,0,NA,NA,NA,18N_Bipartite_Sparse,18,Sparse
16,0.091429,0.097143,816,343,42.034314,0.091503,0.978258,18N_Bipartite_Sparse,18,Sparse
17,0.097143,0.102857,640,230,35.937500,0.098039,0.976169,18N_Bipartite_Sparse,18,Sparse
18,0.102857,0.108571,468,79,16.880342,0.104575,0.963798,18N_Bipartite_Sparse,18,Sparse
19,0.108571,0.114286,271,39,14.391144,0.111111,0.961746,18N_Bipartite_Sparse,18,Sparse
20,0.114286,0.120000,184,13,7.065217,0.117647,0.958190,18N_Bipartite_Sparse,18,Sparse
21,0.120000,0.125714,105,5,4.761905,0.124183,0.948177,18N_Bipartite_Sparse,18,Sparse
22,0.125714,0.131429,52,0,0.000000,0.130719,0.941602,18N_Bipartite_Sparse,18,Sparse
23,0.131429,0.137143,0,0,NA,NA,NA,18N_Bipartite_Sparse,18,Sparse
24,0.137143,0.142857,30,0,0.000000,0.137255,0.929549,18N_Bipartite_Sparse,18,Sparse
25,0.142857,0.148571,15,0,0.000000,0.143791,0.929503,18N_Bipartite_Sparse,18,Sparse
26,0.148571,0.154286,8,0,0.000000,0.150327,0.928109,18N_Bipartite_Sparse,18,Sparse
27,0.154286,0.160000,5,0,0.000000,0.156863,0.891336,18N_Bipartite_Sparse,18,Sparse
28,0.160000,0.165714,0,0,NA,NA,NA,18N_Bipartite_Sparse,18,Sparse
29,0.165714,0.171429,0,0,NA,NA,NA,18N_Bipartite_Sparse,18,Sparse
30,0.171429,0.177143,0,0,NA,NA,NA,18N_Bipartite_Sparse,18,Sparse
31,0.177143,0.182857,0,0,NA,NA,NA,18N_Bipartite_Sparse,18,Sparse
32,0.182857,0.188571,0,0,NA,NA,NA,18N_Bipartite_Sparse,18,Sparse
33,0.188571,0.194286,0,0,NA,NA,NA,18N_Bipartite_Sparse,18,Sparse
34,0.194286,0.200000,0,0,NA,NA,NA,18N_Bipartite_Sparse,18,Sparse
35,0.200000,0.205714,0,0,NA,NA,NA,18N_Bipartite_Sparse,18,Sparse
36,0.205714,0.211429,0,0,NA,NA,NA,18N_Bipartite_Sparse,18,Sparse
37,0.211429,0.217143,0,0,NA,NA,NA,18N_Bipartite_Sparse,18,Sparse
38,0.217143,0.222857,0,0,NA,NA,NA,18N_Bipartite_Sparse,18,Sparse
39,0.222857,0.228571,0,0,NA,NA,NA,18N_Bipartite_Sparse,18,Sparse
40,0.228571,0.234286,0,0,NA,NA,NA,18N_Bipartite_Sparse,18,Sparse
41,0.234286,0.240000,0,0,NA,NA,NA,18N_Bipartite_Sparse,18,Sparse
42,0.240000,0.245714,0,0,NA,NA,NA,18N_Bipartite_Sparse,18,Sparse
43,0.245714,0.251429,0,0,NA,NA,NA,18N_Bipartite_Sparse,18,Sparse
44,0.251429,0.257143,0,0,NA,NA,NA,18N_Bipartite_Sparse,18,Sparse
45,0.257143,0.262857,0,0,NA,NA,NA,18N_Bipartite_Sparse,18,Sparse
46,0.262857,0.268571,0,0,NA,NA,NA,18N_Bipartite_Sparse,18,Sparse
47,0.268571,0.274286,0,0,NA,NA,NA,18N_Bipartite_Sparse,18,Sparse
48,0.274286,0.280000,0,0,NA,NA,NA,18N_Bipartite_Sparse,18,Sparse
49,0.280000,0.285714,0,0,NA,NA,NA,18N_Bipartite_Sparse,18,Sparse
50,0.285714,0.291429,0,0,NA,NA,NA,18N_Bipartite_Sparse,18,Sparse
51,0.291429,0.297143,0,0,NA,NA,NA,18N_Bipartite_Sparse,18,Sparse
52,0.297143,0.302857,0,0,NA,NA,NA,18N_Bipartite_Sparse,18,Sparse
53,0.302857,0.308571,0,0,NA,NA,NA,18N_Bipartite_Sparse,18,Sparse
54,0.308571,0.314286,0,0,NA,NA,NA,18N_Bipartite_Sparse,18,Sparse
55,0.314286,0.320000,0,0,NA,NA,NA,18N_Bipartite_Sparse,18,Sparse
56,0.320000,0.325714,0,0,NA,NA,NA,18N_Bipartite_Sparse,18,Sparse
57,0.325714,0.331429,0,0,NA,NA,NA,18N_Bipartite_Sparse,18,Sparse
58,0.331429,0.337143,0,0,NA,NA,NA,18N_Bipartite_Sparse,18,Sparse
59,0.337143,0.342857,0,0,NA,NA,NA,18N_Bipartite_Sparse,18,Sparse
60,0.342857,0.348571,0,0,NA,NA,NA,18N_Bipartite_Sparse,18,Sparse
61,0.348571,0.354286,0,0,NA,NA,NA,18N_Bipartite_Sparse,18,Sparse
62,0.354286,0.360000,0,0,NA,NA,NA,18N_Bipartite_Sparse,18,Sparse
63,0.360000,0.365714,0,0,NA,NA,NA,18N_Bipartite_Sparse,18,Sparse
64,0.365714,0.371429,0,0,NA,NA,NA,18N_Bipartite_Sparse,18,Sparse
65,0.371429,0.377143,0,0,NA,NA,NA,18N_Bipartite_Sparse,18,Sparse
66,0.377143,0.382857,0,0,NA,NA,NA,18N_Bipartite_Sparse,18,Sparse
67,0.382857,0.388571,0,0,NA,NA,NA,18N_Bipartite_Sparse,18,Sparse
68,0.388571,0.394286,0,0,NA,NA,NA,18N_Bipartite_Sparse,18,Sparse
69,0.394286,0.400000,0,0,NA,NA,NA,18N_Bipartite_Sparse,18,Sparse
70,0.400000,0.405714,0,0,NA,NA,NA,18N_Bipartite_Sparse,18,Sparse
71,0.405714,0.411429,0,0,NA,NA,NA,18N_Bipartite_Sparse,18,Sparse
72,0.411429,0.417143,0,0,NA,NA,NA,18N_Bipartite_Sparse,18,Sparse
73,0.417143,0.422857,0,0,NA,NA,NA,18N_Bipartite_Sparse,18,Sparse
74,0.422857,0.428571,0,0,NA,NA,NA,18N_Bipartite_Sparse,18,Sparse
75,0.428571,0.434286,0,0,NA,NA,NA,18N_Bipartite_Sparse,18,Sparse
76,0.434286,0.440000,0,0,NA,NA,NA,18N_Bipartite_Sparse,18,Sparse
77,0.440000,0.445714,0,0,NA,NA,NA,18N_Bipartite_Sparse,18,Sparse
78,0.445714,0.451429,0,0,NA,NA,NA,18N_Bipartite_Sparse,18,Sparse
79,0.451429,0.457143,0,0,NA,NA,NA,18N_Bipartite_Sparse,18,Sparse
80,0.457143,0.462857,0,0,NA,NA,NA,18N_Bipartite_Sparse,18,Sparse
81,0.462857,0.468571,0,0,NA,NA,NA,18N_Bipartite_Sparse,18,Sparse
82,0.468571,0.474286,0,0,NA,NA,NA,18N_Bipartite_Sparse,18,Sparse
83,0.474286,0.480000,0,0,NA,NA,NA,18N_Bipartite_Sparse,18,Sparse
84,0.480000,0.485714,0,0,NA,NA,NA,18N_Bipartite_Sparse,18,Sparse
85,0.485714,0.491429,0,0,NA,NA,NA,18N_Bipartite_Sparse,18,Sparse
86,0.491429,0.497143,0,0,NA,NA,NA,18N_Bipartite_Sparse,18,Sparse
87,0.497143,0.502857,0,0,NA,NA,NA,18N_Bipartite_Sparse,18,Sparse
88,0.502857,0.508571,0,0,NA,NA,NA,18N_Bipartite_Sparse,18,Sparse
89,0.508571,0.514286,0,0,NA,NA,NA,18N_Bipartite_Sparse,18,Sparse
90,0.514286,0.520000,0,0,NA,NA,NA,18N_Bipartite_Sparse,18,Sparse
91,0.520000,0.525714,0,0,NA,NA,NA,18N_Bipartite_Sparse,18,Sparse
92,0.525714,0.531429,0,0,NA,NA,NA,18N_Bipartite_Sparse,18,Sparse
93,0.531429,0.537143,0,0,NA,NA,NA,18N_Bipartite_Sparse,18,Sparse
94,0.537143,0.542857,0,0,NA,NA,NA,18N_Bipartite_Sparse,18,Sparse
95,0.542857,0.548571,0,0,NA,NA,NA,18N_Bipartite_Sparse,18,Sparse
96,0.548571,0.554286,0,0,NA,NA,NA,18N_Bipartite_Sparse,18,Sparse
97,0.554286,0.560000,0,0,NA,NA,NA,18N_Bipartite_Sparse,18,Sparse
98,0.560000,0.565714,0,0,NA,NA,NA,18N_Bipartite_Sparse,18,Sparse
99,0.565714,0.571429,0,0,NA,NA,NA,18N_Bipartite_Sparse,18,Sparse
